idx,time,x,y,yaw,mode,speed
0,1772512263.882257,591.517395,-75.006119,2.551102,LK,-0.363607
1,1772512264.662376,591.784912,-75.194244,2.551186,LK,-0.438371
2,1772512265.322275,592.049255,-75.380066,2.551285,LK,-0.497701
3,1772512265.882252,591.645203,-75.097473,2.554472,LK,1.919041
4,1772512266.062214,591.289185,-74.849892,2.556431,LK,2.845925
5,1772512266.162277,591.033875,-74.672859,2.557848,LK,3.355330
6,1772512266.282241,590.735901,-74.466888,2.559542,LK,3.859784
7,1772512266.382234,590.334045,-74.190308,2.561764,LK,4.456515
8,1772512266.482221,589.953613,-73.929619,2.563893,LK,4.841638
9,1772512266.542262,589.543213,-73.649597,2.566209,LK,5.271696
10,1772512266.662259,589.051025,-73.315758,2.569020,LK,5.738082
11,1772512266.782252,588.493408,-72.940033,2.572246,LK,6.055813
12,1772512266.902261,588.107422,-72.681702,2.574459,LK,6.239279
13,1772512266.942284,587.593079,-72.339485,2.577403,LK,6.407683
14,1772512267.082282,586.964844,-71.924080,2.581341,LK,6.566975
15,1772512267.162503,586.403809,-71.556015,2.584853,LK,6.683200
16,1772512267.282287,585.902832,-71.229782,2.587953,LK,6.774708
17,1772512267.402248,585.244751,-70.804619,2.591855,LK,6.892594
18,1772512267.482262,584.746826,-70.485229,2.594764,LK,6.961421
19,1772512267.562232,584.165894,-70.114899,2.597995,LK,7.040941
20,1772512267.682289,583.473511,-69.676979,2.601498,LK,7.125253
21,1772512267.802242,583.022522,-69.393417,2.603577,LK,7.161807
22,1772512267.882259,582.399963,-69.003983,2.606381,LK,7.229741
23,1772512267.962234,581.803528,-68.633057,2.608824,LK,7.271829
24,1772512268.082247,581.208008,-68.264618,2.611084,LK,7.321075
25,1772512268.202220,580.545959,-67.857117,2.613439,LK,7.363519
26,1772512268.242293,579.922058,-67.475014,2.615528,LK,7.404448
27,1772512268.362228,579.291870,-67.090851,2.617388,LK,7.443223
28,1772512268.482215,578.606445,-66.674606,2.618961,LK,7.480254
29,1772512268.602292,577.870361,-66.229134,2.620360,LK,7.518783
30,1772512268.662201,577.394348,-65.941734,2.621231,LK,7.537283
31,1772512268.742244,576.753845,-65.555840,2.622232,LK,7.564027
32,1772512268.862240,576.083496,-65.152840,2.623264,LK,7.592577
33,1772512268.982276,575.441467,-64.767746,2.623877,LK,7.616305
34,1772512269.102245,574.786682,-64.375542,2.624299,LK,7.638104
35,1772512269.182208,574.123901,-63.978687,2.624481,LK,7.658398
36,1772512269.242271,573.467773,-63.585987,2.624595,LK,7.680875
37,1772512269.382276,572.760681,-63.162830,2.624756,LK,7.701472
38,1772512269.482245,572.122559,-62.780945,2.624731,LK,7.713992
39,1772512269.582224,571.380249,-62.336746,2.624575,LK,7.732788
40,1772512269.702208,570.663452,-61.907570,2.624370,LK,7.748764
41,1772512269.742234,570.156982,-61.604233,2.624290,LK,7.758794
42,1772512269.882428,569.484558,-61.201317,2.624107,LK,7.771191
43,1772512270.002253,568.814697,-60.799797,2.623722,LK,7.782409
44,1772512270.082227,568.130432,-60.389175,2.623234,LK,7.794199
45,1772512270.142246,567.468750,-59.991730,2.622764,LK,7.803483
46,1772512270.262222,566.754395,-59.562065,2.622418,LK,7.813272
47,1772512270.382255,566.186462,-59.220310,2.622205,LK,7.819301
48,1772512270.482268,565.481934,-58.796078,2.621907,LK,7.826073
49,1772512270.582262,564.811951,-58.392471,2.621668,LK,7.831403
50,1772512270.622248,564.106506,-57.967236,2.621372,LK,7.836637
51,1772512270.742246,563.341858,-57.505951,2.620923,LK,7.842492
52,1772512270.862231,562.548340,-57.026764,2.620500,LK,7.846501
53,1772512270.982208,561.873840,-56.619095,2.620011,LK,7.849250
54,1772512271.122230,561.232056,-56.230659,2.619649,LK,7.851980
55,1772512271.202241,560.727722,-55.925240,2.619397,LK,7.853227
56,1772512271.242229,560.062439,-55.522015,2.619058,LK,7.855196
57,1772512271.362217,559.396790,-55.118294,2.618743,LK,7.857004
58,1772512271.462250,558.729553,-54.713345,2.618514,LK,7.857801
59,1772512271.602254,558.059265,-54.306362,2.618289,LK,7.859202
60,1772512271.702240,557.344849,-53.872353,2.618059,LK,7.863470
61,1772512271.782248,556.577393,-53.405968,2.617906,LK,7.867306
62,1772512271.862247,556.087158,-53.107925,2.617894,LK,7.870366
63,1772512271.982230,555.487488,-52.743340,2.617879,LK,7.873836
64,1772512272.062274,554.720337,-52.276936,2.617699,LK,7.879957
65,1772512272.182341,554.075256,-51.884605,2.617540,LK,7.887533
66,1772512272.242238,553.311462,-51.419842,2.617470,LK,7.895850
67,1772512272.382322,552.643677,-51.013435,2.617443,LK,7.902936
68,1772512272.482252,551.933777,-50.581440,2.617430,LK,7.911876
69,1772512272.562238,551.137268,-50.096878,2.617341,LK,7.916080
70,1772512272.702234,550.464417,-49.687416,2.617249,LK,7.923043
71,1772512272.742216,549.954712,-49.377232,2.617187,LK,7.927469
72,1772512272.862238,549.296265,-48.976456,2.617163,LK,7.931470
73,1772512272.962210,548.584167,-48.543118,2.617133,LK,7.934853
74,1772512273.102200,547.918823,-48.138218,2.617097,LK,7.941453
75,1772512273.162220,547.268005,-47.742104,2.617076,LK,7.943189
76,1772512273.242289,546.613037,-47.343491,2.617078,LK,7.945433
77,1772512273.362313,545.884888,-46.900249,2.617024,LK,7.951009
78,1772512273.482243,545.109375,-46.427956,2.616774,LK,7.950548
79,1772512273.582284,544.593140,-46.113380,2.616689,LK,7.954347
80,1772512273.702240,543.836060,-45.651836,2.616665,LK,7.958109
81,1772512273.742230,543.176147,-45.249527,2.616693,LK,7.959351
82,1772512273.862220,542.487549,-44.829727,2.616798,LK,7.961306
83,1772512273.982215,541.793396,-44.406620,2.616841,LK,7.960256
84,1772512274.062254,541.109741,-43.989952,2.616848,LK,7.955748
85,1772512274.222272,540.382324,-43.546646,2.616788,LK,7.954984
86,1772512274.322248,539.591797,-43.064831,2.616783,LK,7.952147
87,1772512274.362285,538.924927,-42.658352,2.616790,LK,7.948685
88,1772512274.482234,538.423462,-42.352810,2.616806,LK,7.951893
89,1772512274.582205,537.778870,-41.960266,2.616918,LK,7.946892
90,1772512274.642233,537.120605,-41.559601,2.617060,LK,7.940627
91,1772512274.722265,536.440918,-41.145935,2.617190,LK,7.937660
92,1772512274.842204,535.681641,-40.683990,2.617298,LK,7.943000
93,1772512274.962242,534.998718,-40.268681,2.617321,LK,7.937978
94,1772512275.102236,534.275391,-39.828667,2.617262,LK,7.934898
95,1772512275.182244,533.501709,-39.357964,2.617217,LK,7.932824
96,1772512275.282259,532.993652,-39.048805,2.617224,LK,7.932634
97,1772512275.342258,532.336731,-38.649193,2.617220,LK,7.932348
98,1772512275.482241,531.657532,-38.235767,2.617103,LK,7.932782
99,1772512275.602251,530.957886,-37.809959,2.616973,LK,7.935653
100,1772512275.682249,530.279968,-37.397408,2.616915,LK,7.938438
101,1772512275.742244,529.622620,-36.996876,2.616942,LK,7.938643
102,1772512275.842249,528.945190,-36.584377,2.617235,LK,7.939614
103,1772512275.982259,528.270935,-36.174385,2.617963,LK,7.939909
104,1772512276.082227,527.552307,-35.737968,2.619487,LK,7.935622
105,1772512276.202268,526.779602,-35.270363,2.621658,LK,7.931156
106,1772512276.222249,526.275146,-34.966866,2.623585,LK,7.928064
107,1772512276.362217,525.604431,-34.565399,2.626356,LK,7.922821
108,1772512276.482239,524.908203,-34.151501,2.629870,LK,7.915677
109,1772512276.582296,524.231873,-33.752594,2.633354,LK,7.907718
110,1772512276.662221,523.543457,-33.350044,2.636880,LK,7.899709
111,1772512276.802239,522.666138,-32.841766,2.640410,LK,7.890183
112,1772512276.842247,522.115906,-32.524929,2.642064,LK,7.885167
113,1772512276.962229,521.321228,-32.069000,2.643605,LK,7.879824
114,1772512277.082275,520.813904,-31.778561,2.644163,LK,7.876959
115,1772512277.182288,520.167969,-31.408836,2.644500,LK,7.874593
116,1772512277.302316,519.501892,-31.027214,2.643718,LK,7.873429
117,1772512277.342296,518.844788,-30.650009,2.642097,LK,7.872630
118,1772512277.462264,518.158813,-30.254459,2.639839,LK,7.873468
119,1772512277.562258,517.444702,-29.839703,2.637149,LK,7.876264
120,1772512277.682239,516.661377,-29.381601,2.633741,LK,7.880520
121,1772512277.822241,515.877136,-28.919508,2.629943,LK,7.884105
122,1772512277.842245,515.372070,-28.619801,2.627478,LK,7.887177
123,1772512277.962219,514.714111,-28.226807,2.624438,LK,7.890850
124,1772512278.082242,514.022278,-27.810631,2.620743,LK,7.895466
125,1772512278.202234,513.355835,-27.406332,2.617106,LK,7.899960
126,1772512278.282244,512.712524,-27.012922,2.613911,LK,7.903822
127,1772512278.342227,512.042603,-26.600285,2.610835,LK,7.907470
128,1772512278.462231,511.318878,-26.151352,2.607658,LK,7.913714
129,1772512278.582280,510.549683,-25.670963,2.604662,LK,7.919240
130,1772512278.662236,510.045654,-25.354517,2.602846,LK,7.922673
131,1772512278.762195,509.376465,-24.932487,2.600553,LK,7.926946
132,1772512278.842238,508.629883,-24.459234,2.598412,LK,7.928022
133,1772512278.962260,508.029694,-24.077244,2.596956,LK,7.931150
134,1772512279.082242,507.274200,-23.595053,2.595804,LK,7.933389
135,1772512279.182230,506.421051,-23.049337,2.594857,LK,7.934344
136,1772512279.302346,505.949219,-22.747192,2.594406,LK,7.934783
137,1772512279.402286,505.298706,-22.330332,2.594055,LK,7.935242
138,1772512279.422257,504.615051,-21.891912,2.593984,LK,7.935151
139,1772512279.562324,503.860565,-21.408199,2.594199,LK,7.938145
140,1772512279.662243,503.105072,-20.924349,2.594935,LK,7.940289
141,1772512279.782268,502.613953,-20.610256,2.595565,LK,7.940686
142,1772512279.902226,501.960999,-20.193525,2.596472,LK,7.945208
143,1772512280.022254,501.288635,-19.765320,2.597497,LK,7.948631
144,1772512280.042263,500.632629,-19.348557,2.598618,LK,7.951816
145,1772512280.142328,499.955627,-18.919519,2.599871,LK,7.955054
146,1772512280.282290,499.299744,-18.505020,2.601157,LK,7.957971
147,1772512280.402256,498.645874,-18.092991,2.602506,LK,7.960795
148,1772512280.482218,497.915436,-17.634243,2.604103,LK,7.961586
149,1772512280.582207,497.136230,-17.146626,2.605708,LK,7.962023
150,1772512280.662293,496.634735,-16.833750,2.606661,LK,7.962332
151,1772512280.782247,495.931732,-16.396194,2.607962,LK,7.962381
152,1772512280.902256,495.245483,-15.970250,2.609279,LK,7.960984
153,1772512280.962169,494.588196,-15.563489,2.610523,LK,7.961092
154,1772512281.042216,493.931000,-15.157980,2.611696,LK,7.960743
155,1772512281.162286,493.161957,-14.684830,2.612999,LK,7.958523
156,1772512281.282241,492.490265,-14.272710,2.614006,LK,7.961100
157,1772512281.402262,491.835907,-13.872152,2.614915,LK,7.962774
158,1772512281.442234,491.152191,-13.454477,2.615786,LK,7.963195
159,1772512281.642216,489.748901,-12.599594,2.617160,LK,7.965686
160,1772512281.762229,489.247253,-12.294533,2.617567,LK,7.961812
161,1772512281.882236,488.574829,-11.885902,2.617980,LK,7.961026
162,1772512282.002322,487.808350,-11.420628,2.618350,LK,7.958923
163,1772512282.062232,487.128052,-11.007898,2.618667,LK,7.954738
164,1772512282.142243,486.489136,-10.620457,2.618962,LK,7.951141
165,1772512282.262240,485.838501,-10.226175,2.619169,LK,7.947385
166,1772512282.382259,485.170807,-9.821714,2.619293,LK,7.945271
167,1772512282.482244,484.398621,-9.354052,2.619326,LK,7.943444
168,1772512282.562250,483.685547,-8.922155,2.619260,LK,7.941526
169,1772512282.722226,482.909698,-8.452110,2.619199,LK,7.939643
170,1772512282.742247,482.404175,-8.145823,2.619162,LK,7.940184
171,1772512282.862207,481.760986,-7.756074,2.619101,LK,7.939767
172,1772512282.982234,481.079407,-7.342980,2.618961,LK,7.938689
173,1772512283.102254,480.402161,-6.932372,2.618812,LK,7.938182
174,1772512283.182238,479.744995,-6.533865,2.618677,LK,7.937521
175,1772512283.302246,478.981995,-6.070990,2.618549,LK,7.936060
176,1772512283.342245,478.319397,-5.668954,2.618489,LK,7.935372
177,1772512283.462232,477.587341,-5.224730,2.618426,LK,7.934857
178,1772512283.582284,476.818695,-4.758231,2.618329,LK,7.934244
179,1772512283.882234,476.029907,-4.279365,2.618315,LK,7.932979
180,1772512284.002261,475.373901,-3.881113,2.618190,LK,7.932174
181,1772512284.102288,474.661011,-3.448210,2.618007,LK,7.931228
182,1772512284.222287,473.951202,-3.016962,2.617825,LK,7.928928
183,1772512284.302259,473.325439,-2.636610,2.617670,LK,7.927119
184,1772512284.362275,472.626770,-2.211814,2.617538,LK,7.925007
185,1772512284.482248,471.919617,-1.781748,2.617405,LK,7.923221
186,1772512284.602240,471.194580,-1.340665,2.617286,LK,7.923101
187,1772512284.722218,470.441528,-0.882375,2.617153,LK,7.919928
188,1772512284.842236,469.291016,-0.181801,2.616733,LK,7.920172
189,1772512284.982225,468.617249,0.228881,2.616366,LK,7.920228
190,1772512285.102276,467.849762,0.697184,2.615856,LK,7.913091
191,1772512285.222252,467.180359,1.106130,2.615343,LK,7.911804
192,1772512285.302249,466.469177,1.541043,2.614668,INT,7.912405
193,1772512285.442221,465.699951,2.012344,2.613748,INT,7.909172
194,1772512285.462230,465.207428,2.314636,2.613079,INT,7.905725
195,1772512285.582234,464.549194,2.719422,2.611865,INT,7.903823
196,1772512285.702298,463.898071,3.120904,2.610461,INT,7.904640
197,1772512285.822246,463.147980,3.585184,2.608751,INT,7.906559
198,1772512285.902238,462.496582,3.989999,2.607184,INT,7.905968
199,1772512285.962251,461.840210,4.399380,2.605483,INT,7.905189
200,1772512286.082287,461.115997,4.852903,2.603524,INT,7.902936
201,1772512286.202267,460.372375,5.320634,2.601426,INT,7.903305
202,1772512286.322234,459.875061,5.634665,2.599881,INT,7.899612
203,1772512286.402244,459.109406,6.120250,2.597546,INT,7.894611
204,1772512286.442242,458.474213,6.524958,2.595731,INT,7.892955
205,1772512286.582228,457.835541,6.933520,2.593856,INT,7.891895
206,1772512286.702244,457.183258,7.352498,2.591939,INT,7.890598
207,1772512286.822224,456.548462,7.761886,2.590059,INT,7.887003
208,1772512286.902318,455.800446,8.246460,2.587862,INT,7.887015
209,1772512286.962270,455.154541,8.666766,2.585992,INT,7.887403
210,1772512287.082288,454.373993,9.176966,2.583857,INT,7.885509
211,1772512287.182207,453.852051,9.519410,2.582625,INT,7.881389
212,1772512287.302236,453.216156,9.937825,2.581099,INT,7.878432
213,1772512287.402260,452.452759,10.441942,2.579270,INT,7.871962
214,1772512287.502291,451.965851,10.764505,2.578541,INT,7.869354
215,1772512287.562248,451.264130,11.230514,2.577210,INT,7.870894
216,1772512287.682251,450.707520,11.601033,2.576164,INT,7.864789
217,1772512287.802241,449.971191,12.092712,2.574780,INT,7.856168
218,1772512287.922218,449.340424,12.515062,2.573695,INT,7.854346
219,1772512288.022238,448.705170,12.941523,2.572735,INT,7.853208
220,1772512288.062293,448.053741,13.379922,2.572000,INT,7.847682
221,1772512288.182249,447.397095,13.822470,2.571404,INT,7.844360
222,1772512288.302271,446.710938,14.285311,2.570926,INT,7.839153
223,1772512288.422279,445.975739,14.781912,2.570538,INT,7.835607
224,1772512288.502243,445.496826,15.105440,2.570325,INT,7.837528
225,1772512288.542324,444.868927,15.529743,2.570166,INT,7.831019
226,1772512288.662278,444.127350,16.031263,2.570043,INT,7.829296
227,1772512288.782278,443.472168,16.474258,2.570029,INT,7.831082
228,1772512288.902258,442.828552,16.909344,2.570030,INT,7.832816
229,1772512289.022283,442.199951,17.334175,2.570130,INT,7.832837
230,1772512289.122287,441.509369,17.800983,2.570350,INT,7.832487
231,1772512289.202214,440.768829,18.301168,2.570690,INT,7.833946
232,1772512289.262255,440.288269,18.625458,2.570984,INT,7.834927
233,1772512289.382250,439.400543,19.223976,2.571522,INT,7.835536
234,1772512289.502267,438.920288,19.547552,2.572597,INT,7.834607
235,1772512289.622254,438.303497,19.961966,2.573421,INT,7.837152
236,1772512289.702253,437.679871,20.380056,2.573774,INT,7.838500
237,1772512289.742263,437.024353,20.819277,2.574041,INT,7.840013
238,1772512289.862228,436.378601,21.251825,2.574202,INT,7.842081
239,1772512289.982381,435.745178,21.675919,2.574566,INT,7.843719
240,1772512290.082244,435.017273,22.163012,2.575001,INT,7.845256
241,1772512290.202207,434.332520,22.620735,2.575283,INT,7.847506
242,1772512290.302219,433.581116,23.122341,2.575457,INT,7.852361
243,1772512290.402248,433.091919,23.448803,2.575670,INT,7.855445
244,1772512290.462346,432.471588,23.862757,2.575952,INT,7.859294
245,1772512290.582318,431.748169,24.345127,2.576103,INT,7.864065
246,1772512290.682296,431.115784,24.766602,2.576254,INT,7.869591
247,1772512290.782264,430.466492,25.199257,2.576316,INT,7.875141
248,1772512290.902223,429.827881,25.624798,2.576348,INT,7.880839
249,1772512290.962213,429.118713,26.097473,2.576460,INT,7.885908
250,1772512291.062245,428.378052,26.590965,2.576469,INT,7.891081
251,1772512291.182292,427.890930,26.915518,2.576410,INT,7.893124
252,1772512291.302295,427.159302,27.402975,2.576403,INT,7.896465
253,1772512291.402236,426.531860,27.821041,2.576411,INT,7.899059
254,1772512291.462227,425.904388,28.239191,2.576508,INT,7.901399
255,1772512291.562258,425.183594,28.719372,2.576661,INT,7.903125
256,1772512291.662247,424.604401,29.105024,2.576733,INT,7.903334
257,1772512291.782255,423.900116,29.573643,2.576980,INT,7.900305
258,1772512291.902290,423.209229,30.033417,2.577314,INT,7.901083
259,1772512291.982249,422.453827,30.535923,2.577763,INT,7.900318
260,1772512292.082234,421.964874,30.860676,2.578117,INT,7.896658
261,1772512292.202240,421.218567,31.355402,2.578967,INT,7.892207
262,1772512292.262216,420.596191,31.767725,2.579706,INT,7.890060
263,1772512292.402215,419.932556,32.206448,2.580590,INT,7.885628
264,1772512292.502227,419.291687,32.629009,2.582417,INT,7.879609
265,1772512292.622235,418.651123,33.049652,2.583908,INT,7.875375
266,1772512292.642227,418.014832,33.465988,2.585194,INT,7.869841
267,1772512292.762198,417.316772,33.921398,2.586650,INT,7.863927
268,1772512292.882219,416.563202,34.411430,2.588347,INT,7.855823
269,1772512293.022228,415.816406,34.895275,2.590107,INT,7.847889
270,1772512293.102226,415.326508,35.211674,2.591351,INT,7.839974
271,1772512293.162232,414.690125,35.621414,2.593004,INT,7.836925
272,1772512293.242269,414.057739,36.027248,2.594627,INT,7.837107
273,1772512293.362241,413.318146,36.499969,2.596595,LK,7.832653
274,1772512293.482225,412.722351,36.879364,2.598259,LK,7.831940
275,1772512293.582202,412.030090,37.318512,2.600199,LK,7.841633
276,1772512293.682224,411.285492,37.788799,2.602260,LK,7.854579
277,1772512293.802237,410.536926,38.259392,2.604101,LK,7.863879
278,1772512293.862288,410.044434,38.568008,2.604812,LK,7.875445
279,1772512293.982208,409.396118,38.973541,2.605477,LK,7.886335
280,1772512294.082319,408.823090,39.331680,2.605215,LK,7.887954
281,1772512294.202237,408.180450,39.733795,2.604208,LK,7.891315
282,1772512294.322216,407.420654,40.211052,2.601869,LK,7.895343
283,1772512294.382221,406.778381,40.616760,2.599256,LK,7.894580
284,1772512294.462262,406.076630,41.063255,2.595532,LK,7.889031
285,1772512294.562221,405.330566,41.542442,2.591799,LK,7.883690
286,1772512294.682199,404.839905,41.859650,2.589609,LK,7.877452
287,1772512294.802221,404.200012,42.275513,2.586089,LK,7.869064
288,1772512294.902227,403.460693,42.760468,2.580253,LK,7.863585
289,1772512295.022211,402.826813,43.181534,2.574557,LK,7.854861
290,1772512295.042235,402.192047,43.608845,2.568028,LK,7.845329
291,1772512295.162241,401.586975,44.022179,2.561342,LC,7.836027
292,1772512295.282270,400.859497,44.527325,2.553105,LC,7.827473
293,1772512295.382244,400.240845,44.964096,2.546143,LC,7.820746
294,1772512295.522224,399.580994,45.436985,2.539133,LC,7.814426
295,1772512295.622217,398.852417,45.967010,2.531929,LC,7.806923
296,1772512295.702239,398.389832,46.307636,2.527261,LC,7.801547
297,1772512295.742228,397.782227,46.760086,2.520447,LC,7.795319
298,1772512295.862251,397.064667,47.302868,2.512474,LC,7.790247
299,1772512295.982263,396.483215,47.749432,2.506863,LC,7.787616
300,1772512296.102258,395.880280,48.217831,2.501360,LC,7.784504
301,1772512296.182245,395.295197,48.677303,2.496146,LC,7.781557
302,1772512296.302218,394.643555,49.194633,2.490472,LC,7.781240
303,1772512296.442197,393.832520,49.846600,2.484122,LC,7.780586
304,1772512296.462251,393.486877,50.127014,2.481557,LC,7.780454
305,1772512296.582233,392.916840,50.592510,2.477753,LC,7.781420
306,1772512296.702284,392.321259,51.082474,2.474778,LC,7.782561
307,1772512296.782235,391.740875,51.562538,2.472293,LC,7.783370
308,1772512296.902293,391.068054,52.121662,2.470390,LC,7.783581
309,1772512296.982295,390.477539,52.613693,2.469275,LC,7.785607
310,1772512297.062270,389.898010,53.097397,2.468674,LC,7.785754
311,1772512297.162229,389.264801,53.626255,2.469291,LC,7.785404
312,1772512297.282250,388.594727,54.184292,2.472229,LC,7.785308
313,1772512297.402272,388.156647,54.546925,2.474363,LC,7.785700
314,1772512297.502256,387.569183,55.030518,2.474011,LC,7.783688
315,1772512297.622232,386.895020,55.587204,2.473890,LC,7.781188
316,1772512297.642258,386.330688,56.052971,2.478097,LC,7.780577
317,1772512297.762341,385.747101,56.529922,2.483265,LC,7.777812
318,1772512297.882262,385.077271,57.069939,2.490089,LC,7.773829
319,1772512297.982274,384.489136,57.537048,2.496749,LC,7.770149
320,1772512298.102268,383.838287,58.046158,2.504217,LC,7.766492
321,1772512298.222257,383.147980,58.577682,2.512337,LC,7.759439
322,1772512298.322231,382.698547,58.918972,2.517787,LC,7.756045
323,1772512298.362287,381.997955,59.443325,2.526241,LC,7.749106
324,1772512298.462218,381.381348,59.897148,2.533910,LC,7.743533
325,1772512298.582283,380.780457,60.332355,2.541472,LC,7.739507
326,1772512298.702264,380.160309,60.774246,2.549182,LC,7.736893
327,1772512298.822292,379.469086,61.258362,2.557612,LC,7.733392
328,1772512298.922340,378.964539,61.606339,2.563680,LK,7.733897
329,1772512299.022268,378.244507,62.095226,2.572093,LK,7.736288
330,1772512299.062272,377.774963,62.409348,2.577499,LK,7.734740
331,1772512299.182264,377.131622,62.834026,2.584627,LK,7.737413
332,1772512299.262215,376.493652,63.248856,2.591118,LK,7.743334
333,1772512299.422258,375.843140,63.665855,2.597545,LK,7.744308
334,1772512299.502261,375.114441,64.126274,2.604676,LK,7.738829
335,1772512299.562251,374.464325,64.531013,2.610584,LK,7.739858
336,1772512299.702206,373.822327,64.925423,2.616029,LK,7.740345
337,1772512299.802253,373.114624,65.354881,2.621339,LK,7.734121
338,1772512299.922234,372.368835,65.802208,2.626773,LK,7.727432
339,1772512300.022236,371.876343,66.094643,2.629733,LK,7.724131
340,1772512300.042231,371.235474,66.472382,2.633156,LK,7.722274
341,1772512300.162216,370.471252,66.919334,2.636568,LK,7.722698
342,1772512300.282243,369.835510,67.288834,2.638666,LK,7.724515
343,1772512300.402292,369.169739,67.674072,2.640703,LK,7.724885
344,1772512300.502216,368.513824,68.051956,2.642370,LK,7.726397
345,1772512300.622239,367.808411,68.457008,2.643696,LK,7.731112
346,1772512300.722332,367.031372,68.901871,2.644839,LK,7.734316
347,1772512300.762246,366.375244,69.276810,2.645352,LK,7.737894
348,1772512300.862242,365.629272,69.702812,2.645591,LK,7.742186
349,1772512300.962265,365.141235,69.981430,2.645526,LK,7.745597
350,1772512301.042255,364.519226,70.336700,2.645203,LK,7.746794
351,1772512301.202263,363.947632,70.663589,2.644609,LK,7.748904
352,1772512301.302288,363.220184,71.080360,2.643671,LK,7.751708
353,1772512301.382216,362.601868,71.435455,2.642757,LK,7.753348
354,1772512301.482276,361.865540,71.859352,2.641744,LK,7.751234
355,1772512301.582205,361.174652,72.257874,2.640567,LK,7.744502
356,1772512301.662244,360.444580,72.680222,2.639445,LK,7.742263
357,1772512301.822233,359.702209,73.110779,2.638078,LK,7.736706
358,1772512301.902223,359.216675,73.393089,2.637246,LK,7.729268
359,1772512302.002231,358.581543,73.763153,2.636251,LK,7.721220
360,1772512302.082221,357.860413,74.184296,2.635021,LK,7.711478
361,1772512302.162206,357.245148,74.544594,2.633634,LK,7.706834
362,1772512302.322217,356.531555,74.963951,2.632098,LK,7.702805
363,1772512302.402199,355.906555,75.332321,2.630621,LK,7.695988
364,1772512302.502249,355.195190,75.753227,2.631937,LK,7.689013
365,1772512302.582191,354.575562,76.117752,2.635343,LK,7.689887
366,1772512302.682219,353.887177,76.519424,2.633844,LK,7.688056
367,1772512302.762239,353.169189,76.940071,2.631750,LK,7.687295
368,1772512302.882188,352.432373,77.374969,2.629173,LK,7.690104
369,1772512303.002257,351.951660,77.660439,2.627499,LK,7.691190
370,1772512303.102252,351.227325,78.092743,2.625310,LK,7.690076
371,1772512303.202272,350.616882,78.458351,2.623548,LK,7.685404
372,1772512303.282238,349.915833,78.879684,2.621376,LK,7.677705
373,1772512303.362221,349.354309,79.218918,2.619894,LK,7.671190
374,1772512303.442212,348.651123,79.644150,2.618345,LK,7.636537
375,1772512303.582208,348.057556,80.003677,2.617146,LK,7.615975
376,1772512303.702221,347.351746,80.434044,2.615952,LK,7.608882
377,1772512303.782195,346.673492,80.849030,2.614596,LK,7.589581
378,1772512303.862217,345.957123,81.286880,2.613216,LK,7.553955
379,1772512303.962235,345.492065,81.572212,2.612474,LK,7.555182
380,1772512304.102195,344.781952,82.009720,2.611542,LK,7.567781
381,1772512304.182224,344.170776,82.387054,2.610927,LK,7.581512
382,1772512304.282227,343.556488,82.766533,2.610444,LK,7.593843
383,1772512304.382240,342.831116,83.214874,2.609997,LK,7.604746
384,1772512304.462206,342.209106,83.599564,2.609692,LK,7.614994
385,1772512304.562190,341.586060,83.985092,2.609484,LK,7.623933
386,1772512304.662231,340.906708,84.405693,2.609330,LK,7.632432
387,1772512304.742254,340.301636,84.780449,2.609242,LK,7.640045
388,1772512304.902265,339.603546,85.212852,2.609229,LK,7.646793
389,1772512304.982353,338.929352,85.630432,2.609398,LK,7.654094
390,1772512305.082335,338.213623,86.073486,2.609617,LK,7.659970
391,1772512305.162230,337.508148,86.509987,2.609739,LK,7.664660
392,1772512305.242181,337.063202,86.785210,2.609889,LK,7.671120
393,1772512305.402251,336.340668,87.230743,2.610189,LK,7.683644
394,1772512305.502233,335.742981,87.596481,2.612085,LK,7.706753
395,1772512305.582262,335.023743,88.034714,2.615070,LK,7.725436
396,1772512305.662205,334.416260,88.405701,2.615277,LK,7.736308
397,1772512305.762236,333.709473,88.838081,2.614542,LK,7.747384
398,1772512305.902231,333.107910,89.204758,2.613751,LK,7.770607
399,1772512305.982221,332.396240,89.640625,2.613167,LK,7.784567
400,1772512306.082227,331.774963,90.024597,2.612924,LK,7.788511
401,1772512306.182274,331.050140,90.473267,2.612662,LK,7.783566
402,1772512306.262247,330.361084,90.897987,2.612454,LK,7.778665
403,1772512306.362331,329.634399,91.345016,2.612342,LK,7.778882
404,1772512306.522403,328.923309,91.782104,2.613986,LK,7.774462
405,1772512306.602259,328.437347,92.079811,2.614189,LK,7.772921
406,1772512306.682230,327.719849,92.519333,2.613979,LK,7.776003
407,1772512306.782233,327.120605,92.887123,2.613791,LK,7.779359
408,1772512306.862237,326.398621,93.330322,2.613632,LK,7.779103
409,1772512306.962263,325.800293,93.697784,2.613805,LK,7.780598
410,1772512307.082221,325.069336,94.146477,2.613885,LK,7.780787
411,1772512307.202234,324.467926,94.515335,2.613844,LK,7.777309
412,1772512307.302238,323.717834,94.975533,2.613747,LK,7.774095
413,1772512307.382265,323.066223,95.375473,2.613688,LK,7.771474
414,1772512307.482248,322.445526,95.756454,2.613674,LK,7.768693
415,1772512307.562198,321.763519,96.175011,2.613674,LK,7.761733
416,1772512307.642221,321.053772,96.610672,2.613539,LK,7.756754
417,1772512307.802262,320.345093,97.045837,2.613500,LK,7.752365
418,1772512307.902261,319.634796,97.481880,2.613661,LK,7.745270
419,1772512307.982249,319.162323,97.771843,2.613790,LK,7.741347
420,1772512308.062264,318.554138,98.144920,2.613882,LK,7.736894
421,1772512308.142211,317.838379,98.583923,2.613837,LK,7.731545
422,1772512308.302214,317.125397,99.021294,2.613846,LK,7.725597
423,1772512308.402249,316.532532,99.385010,2.613825,LK,7.722192
424,1772512308.482223,315.809814,99.828453,2.614382,LK,7.716223
425,1772512308.562218,315.220123,100.189560,2.615764,LK,7.713693
426,1772512308.662215,314.508728,100.623856,2.615729,LK,7.710661
427,1772512308.782194,313.902283,100.994125,2.615713,LK,7.709060
428,1772512308.902234,313.195374,101.425934,2.615850,LK,7.707295
429,1772512308.982188,312.518585,101.839348,2.615804,LK,7.705340
430,1772512309.062218,311.806213,102.274605,2.615579,LK,7.704867
431,1772512309.182212,311.078827,102.719315,2.615237,LK,7.704837
432,1772512309.302220,310.605957,103.008652,2.615072,LK,7.704615
433,1772512309.402227,309.998047,103.380753,2.614840,LK,7.704343
434,1772512309.502223,309.255127,103.835777,2.615865,LK,7.704751
435,1772512309.582226,308.543854,104.269630,2.617697,LK,7.705657
436,1772512309.662241,307.990601,104.605797,2.617553,LK,7.705816
437,1772512309.762201,307.370026,104.983147,2.617273,LK,7.707108
438,1772512309.862232,306.654236,105.418991,2.616806,LK,7.707520
439,1772512309.982275,306.041565,105.792633,2.616430,LK,7.707703
440,1772512310.102221,305.329498,106.227394,2.615914,LK,7.707880
441,1772512310.182180,304.646820,106.644630,2.615454,LK,7.708144
442,1772512310.282290,303.937286,107.078697,2.615014,LK,7.707721
443,1772512310.382220,303.224945,107.514862,2.614656,LK,7.707105
444,1772512310.462229,302.748108,107.806946,2.616003,LK,7.705533
445,1772512310.622249,302.028198,108.246490,2.616247,LK,7.703801
446,1772512310.702220,301.435791,108.607864,2.615860,LK,7.702380
447,1772512310.782220,300.731354,109.038246,2.615439,LK,7.699908
448,1772512310.882209,300.135803,109.402557,2.615132,LK,7.698541
449,1772512310.962259,299.430603,109.834442,2.614880,LK,7.695843
450,1772512311.042255,298.820221,110.208328,2.614773,LK,7.694926
451,1772512311.182272,298.114899,110.640343,2.614643,LK,7.690526
452,1772512311.282223,297.409821,111.072525,2.614555,LK,7.691036
453,1772512311.382284,296.792999,111.450516,2.614455,LK,7.690472
454,1772512311.442240,296.126343,111.858955,2.616455,LK,7.690104
455,1772512311.542342,295.407593,112.296677,2.618351,LK,7.690793
456,1772512311.662239,294.700195,112.725845,2.618227,LK,7.690621
457,1772512311.742200,294.224182,113.014877,2.617860,LK,7.690993
458,1772512311.922200,293.555359,113.421783,2.617329,LK,7.692624
459,1772512311.982236,292.932617,113.801361,2.616688,LK,7.694534
460,1772512312.102254,292.223572,114.234344,2.615958,LK,7.695395
461,1772512312.182283,291.574341,114.631409,2.615351,LK,7.695518
462,1772512312.282254,290.977997,114.996498,2.614899,LK,7.696877
463,1772512312.402240,290.261902,115.435455,2.614387,LK,7.698189
464,1772512312.502200,289.563751,115.863800,2.613955,LK,7.698210
465,1772512312.602263,288.958923,116.235123,2.613658,LK,7.696474
466,1772512312.682232,288.262665,116.663071,2.613458,LK,7.697454
467,1772512312.742219,287.588196,117.077736,2.613321,LK,7.698673
468,1772512312.862283,286.888641,117.507767,2.613312,LK,7.699621
469,1772512312.962245,286.175629,117.946053,2.613293,LK,7.699818
470,1772512313.042218,285.702240,118.237015,2.613242,LK,7.700271
471,1772512313.162254,284.992371,118.673355,2.613233,LK,7.701913
472,1772512313.262287,284.390625,119.043137,2.613218,LK,7.703145
473,1772512313.362240,283.682007,119.478630,2.612954,LK,7.703013
474,1772512313.462194,283.091766,119.841606,2.612810,LK,7.702689
475,1772512313.582230,282.370941,120.284996,2.612771,LK,7.701910
476,1772512313.682246,281.760742,120.660339,2.612754,LK,7.700342
477,1772512313.802371,281.067291,121.086868,2.612681,LK,7.698762
478,1772512313.882228,280.430298,121.478729,2.612646,LK,7.695914
479,1772512314.002230,279.737427,121.905014,2.612694,LK,7.693820
480,1772512314.042191,279.031189,122.339432,2.612887,LK,7.693536
481,1772512314.162230,278.304810,122.785950,2.613091,LK,7.692128
482,1772512314.242189,277.829742,123.077881,2.613179,LK,7.691787
483,1772512314.362271,277.124451,123.511108,2.613333,LK,7.691739
484,1772512314.462206,276.521210,123.881554,2.613465,LK,7.691930
485,1772512314.562332,275.816956,124.313889,2.613772,LK,7.692882
486,1772512314.682267,275.182495,124.703064,2.613983,LK,7.692281
487,1772512314.782237,274.477020,125.135681,2.613963,LK,7.692086
488,1772512314.882234,273.884613,125.499023,2.613952,LK,7.692889
489,1772512315.002213,273.187836,125.926376,2.613932,LK,7.692890
490,1772512315.102236,272.573669,126.303162,2.613965,LK,7.693031
491,1772512315.202253,271.874634,126.731941,2.614073,LK,7.693100
492,1772512315.242225,271.200653,127.145226,2.614158,LK,7.693124
493,1772512315.342205,270.496216,127.577072,2.614328,LK,7.693368
494,1772512315.462223,269.785339,128.012329,2.616197,LK,7.693008
495,1772512315.542243,269.308136,128.303406,2.616349,LK,7.693382
496,1772512315.702201,268.598633,128.736008,2.616255,LK,7.693699
497,1772512315.782306,267.986328,129.109497,2.616217,LK,7.692545
498,1772512315.862246,267.285889,129.537048,2.615988,LK,7.689434
499,1772512315.962222,266.695770,129.897476,2.615700,LK,7.688187
500,1772512316.082265,265.992310,130.327438,2.615476,LK,7.686143
501,1772512316.182268,265.288086,130.758026,2.615273,LK,7.681587
502,1772512316.282232,264.650421,131.148010,2.615124,LK,7.677616
503,1772512316.402208,263.990356,131.551834,2.615058,LK,7.673671
504,1772512316.502211,263.384216,131.922546,2.616602,LK,7.668234
505,1772512316.602225,262.670837,132.356949,2.617792,LK,7.662784
506,1772512316.642245,261.997437,132.765808,2.617651,LK,7.656478
507,1772512316.762218,261.288025,133.196960,2.617213,LK,7.653197
508,1772512316.862212,260.584717,133.625061,2.616854,LK,7.648705
509,1772512316.942235,260.112061,133.913055,2.616604,LK,7.642890
510,1772512317.042224,259.510315,134.279968,2.616307,LK,7.637696
511,1772512317.162232,258.794342,134.716736,2.615918,LK,7.633822
512,1772512317.262283,258.202332,135.078079,2.615705,LK,7.629700
513,1772512317.382301,257.498840,135.507584,2.615421,LK,7.625155
514,1772512317.482255,256.797974,135.935715,2.615121,LK,7.621614
515,1772512317.582250,256.207764,136.296463,2.614900,LK,7.618407
516,1772512317.702220,255.518372,136.718079,2.614667,LK,7.616530
517,1772512317.802232,254.916428,137.086334,2.614473,LK,7.612698
518,1772512317.842333,254.213013,137.516846,2.614204,LK,7.608235
519,1772512317.942193,253.514862,137.944443,2.614001,LK,7.606039
520,1772512318.062233,252.818512,138.371048,2.613850,LK,7.602831
521,1772512318.142288,252.350739,138.657715,2.613792,LK,7.599431
522,1772512318.242267,251.651489,139.086243,2.613750,LK,7.595343
523,1772512318.362248,251.058136,139.449844,2.613600,LK,7.596518
524,1772512318.462236,250.350784,139.883301,2.614817,LK,7.593126
525,1772512318.622248,249.678329,140.294083,2.615108,LK,7.589188
526,1772512318.702202,249.041107,140.683060,2.614945,LK,7.583706
527,1772512318.802273,248.450104,141.043930,2.614759,LK,7.583876
528,1772512318.862249,247.759247,141.466049,2.614486,LK,7.581363
529,1772512319.002257,247.157623,141.833969,2.614186,LK,7.576338
530,1772512319.102203,246.474121,142.252304,2.613915,LK,7.568560
531,1772512319.142248,245.818817,142.653580,2.613663,LK,7.560467
532,1772512319.242229,245.128571,143.076569,2.613424,LK,7.559284
533,1772512319.362201,244.436157,143.500748,2.613281,LK,7.554476
534,1772512319.462229,243.728790,143.933807,2.614785,LK,7.548234
535,1772512319.542235,243.260712,144.219604,2.614786,LK,7.547117
536,1772512319.662226,242.569229,144.641708,2.614510,LK,7.544930
537,1772512319.762235,241.989075,144.996094,2.614278,LK,7.544475
538,1772512319.862195,241.300186,145.417374,2.614057,LK,7.544883
539,1772512319.982246,240.707947,145.779694,2.613862,LK,7.546144
540,1772512320.082228,240.016876,146.202484,2.613711,LK,7.543580
541,1772512320.182248,239.436813,146.557571,2.613658,LK,7.535667
542,1772512320.302224,238.731735,146.989059,2.613651,LK,7.539659
543,1772512320.382272,238.135773,147.353638,2.613699,LK,7.535504
544,1772512320.522258,237.435013,147.782135,2.615533,LK,7.530808
545,1772512320.542230,236.777130,148.182571,2.616579,LK,7.526764
546,1772512320.662213,236.083679,148.603317,2.616747,LK,7.522451
547,1772512320.782365,235.385025,149.027283,2.616838,LK,7.517920
548,1772512320.842199,234.945847,149.293823,2.616854,LK,7.513833
549,1772512320.962232,234.238968,149.722870,2.616916,LK,7.510520
550,1772512321.062263,233.653015,150.078552,2.617218,LK,7.507257
551,1772512321.162221,232.968323,150.493591,2.617916,LK,7.501009
552,1772512321.282227,232.371765,150.854385,2.618923,LK,7.495820
553,1772512321.382330,231.689285,151.266037,2.620378,LK,7.488544
554,1772512321.482212,231.096802,151.622025,2.621947,LK,7.476708
555,1772512321.602217,230.419067,152.027634,2.624093,LK,7.463542
556,1772512321.722232,229.793549,152.399963,2.626153,LK,7.449341
557,1772512321.782187,229.119080,152.799377,2.628632,LK,7.429691
558,1772512321.843223,228.463913,153.185226,2.631100,INT,7.397899
559,1772512321.942196,227.781723,153.584656,2.633685,INT,7.373283
560,1772512322.062203,227.105591,153.978058,2.636302,INT,7.347450
561,1772512322.162205,226.424637,154.371857,2.638832,INT,7.319891
562,1772512322.242229,225.966248,154.635651,2.640479,INT,7.298800
563,1772512322.362242,225.286713,155.024841,2.642883,INT,7.273694
564,1772512322.462229,224.718353,155.348663,2.646270,INT,7.254278
565,1772512322.562214,224.041824,155.729019,2.649820,INT,7.254564
566,1772512322.682233,223.465439,156.049225,2.651471,INT,7.266129
567,1772512322.782233,222.784454,156.426773,2.653137,INT,7.274257
568,1772512322.882185,222.190857,156.755463,2.654533,INT,7.278237
569,1772512323.002239,221.506561,157.131775,2.656119,INT,7.296446
570,1772512323.102218,220.870087,157.480225,2.658305,INT,7.324585
571,1772512323.142202,220.209518,157.841583,2.661011,INT,7.354281
572,1772512323.242149,219.515976,158.219269,2.663988,INT,7.392056
573,1772512323.362213,218.823395,158.593781,2.667090,INT,7.413578
574,1772512323.442253,218.353500,158.845886,2.671238,INT,7.426103
575,1772512323.542226,217.638687,159.224274,2.675667,INT,7.449068
576,1772512323.662240,216.922913,159.598587,2.680058,INT,7.475739
577,1772512323.762250,216.321442,159.910248,2.683802,INT,7.503447
578,1772512323.862224,215.593933,160.283646,2.688841,INT,7.528513
579,1772512323.982291,214.978775,160.595917,2.693607,INT,7.555325
580,1772512324.082226,214.253128,160.959457,2.699761,INT,7.581001
581,1772512324.142218,213.640320,161.261841,2.705512,INT,7.607814
582,1772512324.302248,212.893692,161.624146,2.712735,INT,7.631136
583,1772512324.342216,212.211395,161.949310,2.719607,INT,7.649252
584,1772512324.462242,211.476654,162.293045,2.728560,INT,7.669578
585,1772512324.562251,210.698700,162.648224,2.737224,INT,7.686219
586,1772512324.662237,210.187836,162.876984,2.742712,INT,7.694912
587,1772512324.782274,209.385590,163.229416,2.751307,INT,7.703180
588,1772512324.882262,208.713242,163.518372,2.758601,INT,7.711560
589,1772512324.982316,208.042175,163.801102,2.765861,INT,7.711445
590,1772512325.102224,207.245071,164.129761,2.774504,INT,7.717611
591,1772512325.202220,206.590378,164.394806,2.780886,INT,7.735469
592,1772512325.282234,205.888992,164.673523,2.787306,INT,7.754364
593,1772512325.422247,205.138153,164.965286,2.794009,INT,7.759898
594,1772512325.482240,204.208420,165.317825,2.806548,INT,7.785761
595,1772512325.602201,203.457245,165.593063,2.818570,INT,7.818459
596,1772512325.722239,202.699448,165.860046,2.826655,INT,7.850018
597,1772512325.822240,201.919205,166.127625,2.834486,INT,7.878940
598,1772512325.902288,201.474640,166.277252,2.838904,INT,7.895898
599,1772512326.022205,200.666992,166.543854,2.847123,INT,7.920891
600,1772512326.042234,199.968719,166.768585,2.854368,INT,7.944222
601,1772512326.202240,199.196609,167.010605,2.862435,INT,7.965970
602,1772512326.262208,198.455643,167.236282,2.870898,INT,7.984997
603,1772512326.342227,197.702713,167.458496,2.879551,INT,8.003251
604,1772512326.442228,196.886078,167.691238,2.892054,INT,8.006624
605,1772512326.562241,196.038956,167.920410,2.904024,INT,7.994308
606,1772512326.662231,195.170013,168.144104,2.914222,INT,7.983699
607,1772512326.762211,194.604996,168.284668,2.920816,INT,7.976217
608,1772512326.862236,193.864563,168.463318,2.929662,INT,7.991731
609,1772512327.002223,193.089874,168.643005,2.939227,INT,8.010138
610,1772512327.082242,192.307205,168.816666,2.949049,INT,8.015206
611,1772512327.182221,191.528793,168.981232,2.959184,INT,8.007849
612,1772512327.282228,190.666031,169.153687,2.971034,INT,7.996629
613,1772512327.362241,189.885010,169.300507,2.981881,INT,7.987330
614,1772512327.462241,189.052475,169.447052,2.998112,INT,7.967270
615,1772512327.562226,188.158569,169.588409,3.013057,INT,7.990020
616,1772512327.662244,187.583527,169.671814,3.021386,INT,8.007371
617,1772512327.782264,186.810623,169.776474,3.032947,INT,8.016929
618,1772512327.882342,186.022217,169.873978,3.046845,INT,8.007532
619,1772512328.002295,185.153137,169.968323,3.063648,INT,7.994857
620,1772512328.122259,184.339874,170.042603,3.081294,INT,7.983650
621,1772512328.142263,183.579620,170.098328,3.098950,INT,7.973865
622,1772512328.282259,182.737183,170.143616,3.120432,INT,7.979988
623,1772512328.402214,181.793762,170.172012,-3.137572,INT,8.001703
624,1772512328.502263,181.205048,170.177368,-3.118947,INT,7.994710
625,1772512328.602339,180.328583,170.163803,-3.086265,INT,7.965392
626,1772512328.702245,179.656326,170.133606,-3.062762,INT,7.950688
627,1772512328.782221,178.789124,170.070068,-3.032089,INT,7.949039
628,1772512328.862322,178.017532,169.990921,-3.002807,INT,7.956624
629,1772512328.962275,177.257919,169.890961,-2.972385,INT,7.959651
630,1772512329.082251,176.450119,169.758057,-2.937827,INT,7.958169
631,1772512329.182357,175.633057,169.592957,-2.902201,INT,7.961975
632,1772512329.302261,174.760422,169.382156,-2.863321,INT,7.963658
633,1772512329.402237,173.910370,169.142334,-2.824236,INT,7.958869
634,1772512329.502231,173.352692,168.964493,-2.792360,INT,7.886319
635,1772512329.582242,172.631653,168.704468,-2.753776,INT,7.884313
636,1772512329.642237,171.918091,168.415833,-2.719861,INT,7.890646
637,1772512329.762205,171.200073,168.097229,-2.686766,INT,7.900317
638,1772512329.862243,170.493591,167.756638,-2.654904,INT,7.911812
639,1772512329.982215,169.714508,167.349365,-2.620885,INT,7.924287
640,1772512330.102252,168.992935,166.942322,-2.590023,INT,7.938209
641,1772512330.222265,168.216400,166.470886,-2.557309,INT,7.955383
642,1772512330.262215,167.716370,166.148773,-2.536937,INT,7.971357
643,1772512330.342236,167.078857,165.717010,-2.511571,INT,7.992243
644,1772512330.462248,166.411896,165.239944,-2.484275,INT,7.987748
645,1772512330.582252,165.790680,164.770050,-2.458211,INT,7.959779
646,1772512330.702232,165.177155,164.280899,-2.435482,INT,7.955471
647,1772512330.822253,164.545486,163.753998,-2.415549,INT,7.976690
648,1772512330.842248,163.962204,163.249573,-2.398718,INT,8.003898
649,1772512330.962216,163.328369,162.683167,-2.381763,INT,8.031259
650,1772512331.082266,162.661606,162.067993,-2.366602,INT,8.027308
651,1772512331.202286,162.004135,161.444122,-2.354373,INT,8.020248
652,1772512331.302285,161.569778,161.024109,-2.347288,INT,8.013761
653,1772512331.402268,161.013824,160.478317,-2.338857,INT,8.007887
654,1772512331.462287,160.463455,159.929535,-2.329516,INT,7.976889
655,1772512331.582235,159.879593,159.331970,-2.302880,INT,7.843363
656,1772512331.702247,159.339096,158.750839,-2.297179,INT,7.872173
657,1772512331.782228,158.820129,158.186646,-2.295504,INT,7.911005
658,1772512331.902237,158.237106,157.554474,-2.295554,INT,7.950814
659,1772512331.962254,157.593658,156.860992,-2.297787,LK,7.991773
660,1772512332.102246,157.054749,156.284180,-2.300852,LK,8.022693
661,1772512332.222368,156.633575,155.836014,-2.303977,LK,8.034864
662,1772512332.282348,156.097137,155.269196,-2.308218,LK,8.035401
663,1772512332.382263,155.534515,154.679855,-2.313057,LK,8.030607
664,1772512332.482255,154.968353,154.092560,-2.318057,LK,8.023687
665,1772512332.602238,154.415100,153.524399,-2.323200,LK,8.018742
666,1772512332.682283,153.798981,152.898651,-2.329249,LK,8.013491
667,1772512332.762287,153.224640,152.322250,-2.334843,LK,8.010607
668,1772512332.882294,152.658707,151.760559,-2.340189,LK,8.009284
669,1772512333.022257,152.007965,151.122070,-2.346346,LK,8.009054
670,1772512333.082245,151.568863,150.695557,-2.350512,LK,8.005788
671,1772512333.162283,151.007629,150.155670,-2.355744,LK,8.007674
672,1772512333.262238,150.424408,149.600525,-2.360996,LK,8.008080
673,1772512333.402235,149.820572,149.031815,-2.366391,LK,8.007940
674,1772512333.522256,149.234558,148.485626,-2.370088,LK,8.007854
675,1772512333.602208,148.657562,147.949905,-2.368103,LK,7.929323
676,1772512333.642299,148.081726,147.413696,-2.372003,LK,7.928562
677,1772512333.782246,147.472488,146.850861,-2.376438,LK,7.946872
678,1772512333.902251,146.787445,146.224762,-2.381549,LK,7.985413
679,1772512334.022231,146.339752,145.819473,-2.384686,LK,8.009749
680,1772512334.122218,145.759964,145.298508,-2.388642,LK,8.045121
681,1772512334.162243,145.168060,144.770599,-2.392301,LK,8.050888
682,1772512334.282243,144.548004,144.221497,-2.395776,LK,8.045409
683,1772512334.402245,143.922058,143.670822,-2.398725,LK,8.035086
684,1772512334.482236,143.346481,143.167099,-2.401274,LK,8.022552
685,1772512334.542238,142.760635,142.656906,-2.403573,LK,8.012406
686,1772512334.682274,142.078186,142.065414,-2.405835,LK,8.005574
687,1772512334.802236,141.515411,141.579575,-2.407351,LK,8.001896
688,1772512334.902241,140.829681,140.989548,-2.408974,LK,7.999886
689,1772512335.042245,139.725586,140.042892,-2.410844,LK,7.991914
690,1772512335.182254,139.094604,139.503296,-2.411627,LK,7.994199
691,1772512335.282229,138.498978,138.994553,-2.412055,LK,8.005126
692,1772512335.382248,137.888885,138.473846,-2.412409,LK,8.014326
693,1772512335.462235,137.255051,137.933167,-2.412596,LK,8.011113
694,1772512335.542239,136.674866,137.437119,-2.405964,LK,7.928182
695,1772512335.682224,136.077362,136.919769,-2.405345,LK,7.924541
696,1772512335.802293,135.449905,136.375443,-2.405668,LK,7.951504
697,1772512335.902227,134.762024,135.779938,-2.406010,LK,7.985963
698,1772512336.022246,134.047729,135.162674,-2.406393,LK,8.017891
699,1772512336.062249,133.691971,134.855515,-2.406618,LK,8.032099
700,1772512336.182243,133.090500,134.336502,-2.406834,LK,8.045647
701,1772512336.302242,132.469894,133.801010,-2.406882,LK,8.036356
702,1772512336.402236,131.840897,133.258118,-2.406742,LK,8.022794
703,1772512336.502278,131.258621,132.755249,-2.406554,LK,8.000750
704,1772512336.542232,130.650040,132.228699,-2.403414,LK,7.939640
705,1772512336.682360,129.976578,131.642685,-2.403182,LK,7.932259
706,1772512336.802214,129.388016,131.130371,-2.403225,LK,7.950675
707,1772512336.882386,128.780441,130.601852,-2.403246,LK,7.959401
708,1772512337.002271,128.190109,130.088623,-2.403162,LK,7.967575
709,1772512337.082362,127.608910,129.583298,-2.403033,LK,7.974434
710,1772512337.202300,126.841591,128.915848,-2.402754,LK,7.981713
711,1772512337.322223,126.351891,128.489639,-2.402682,LK,7.985992
712,1772512337.422239,125.646919,127.875885,-2.402515,LK,7.992057
713,1772512337.502247,125.051468,127.355194,-2.390695,LK,7.906242
714,1772512337.562199,124.604691,126.956375,-2.389275,LK,7.907028
715,1772512337.702318,124.012161,126.425499,-2.389254,LK,7.904723
716,1772512337.822255,123.439209,125.913925,-2.390497,LK,7.921278
717,1772512337.922216,122.839119,125.380196,-2.391916,LK,7.939188
718,1772512337.962232,122.260117,124.867401,-2.393074,LK,7.959453
719,1772512338.102226,121.666534,124.343674,-2.394196,LK,7.979547
720,1772512338.222221,121.059464,123.809036,-2.395117,LK,8.000963
721,1772512338.282266,120.471489,123.291046,-2.395860,LK,8.020432
722,1772512338.342215,119.870247,122.761490,-2.396450,LK,8.018237
723,1772512338.482257,119.252213,122.217392,-2.390265,LK,7.965750
724,1772512338.602265,118.669952,121.696640,-2.383408,LK,7.930897
725,1772512338.702340,118.068359,121.150993,-2.383963,LK,7.950222
726,1772512338.802256,117.477852,120.616776,-2.385078,LK,7.971876
727,1772512338.862317,116.855911,120.057037,-2.386658,LK,7.993838
728,1772512338.982236,116.174744,119.447151,-2.388269,LK,8.009811
729,1772512339.102258,115.719276,119.040558,-2.389157,LK,8.013532
730,1772512339.202261,115.145660,118.529320,-2.390070,LK,8.003259
731,1772512339.262244,114.570633,118.017479,-2.390852,LK,7.994414
732,1772512339.382257,113.947121,117.463188,-2.391500,LK,7.982025
733,1772512339.502225,113.230965,116.827179,-2.391853,LK,7.971616
734,1772512339.622227,112.708801,116.363663,-2.392077,LK,7.974834
735,1772512339.742222,112.120026,115.841232,-2.392048,LK,7.991481
736,1772512339.762295,111.495613,115.287041,-2.391887,LK,8.008243
737,1772512339.902271,110.860909,114.723457,-2.391539,LK,8.013927
738,1772512340.022215,110.175140,114.113388,-2.390845,LK,8.002440
739,1772512340.142259,109.725616,113.712128,-2.390231,LK,7.994258
740,1772512340.162251,109.148499,113.195740,-2.389230,LK,7.986679
741,1772512340.282319,108.554756,112.663940,-2.388225,LK,7.992941
742,1772512340.422255,107.957985,112.128235,-2.387302,LK,8.017852
743,1772512340.522274,107.374390,111.602692,-2.384484,LK,8.009977
744,1772512340.542224,106.785995,111.068428,-2.378516,LK,7.972472
745,1772512340.682287,106.190353,110.522255,-2.377477,LK,7.975624
746,1772512340.802272,105.590530,109.971909,-2.377145,LK,8.006617
747,1772512340.922251,104.960281,109.394096,-2.376856,LK,8.037140
748,1772512341.022282,104.266289,108.757980,-2.376552,LK,8.040182
749,1772512341.062272,103.701248,108.239784,-2.376258,LK,8.037402
750,1772512341.182230,103.258430,107.833351,-2.375943,LK,8.029361
751,1772512341.302241,102.662277,107.285606,-2.375453,LK,8.015450
752,1772512341.382240,102.078949,106.748970,-2.374877,LK,8.003592
753,1772512341.442242,101.508774,106.223816,-2.374263,LK,7.998228
754,1772512341.562226,100.901131,105.662544,-2.370564,LK,7.968868
755,1772512341.702248,100.314087,105.116592,-2.369740,LK,7.957427
756,1772512341.782233,99.717743,104.561096,-2.369190,LK,7.964964
757,1772512341.882275,98.968292,103.862747,-2.368702,LK,7.985518
758,1772512341.962247,98.528603,103.452934,-2.368405,LK,7.998536
759,1772512342.142351,97.946106,102.909698,-2.367958,LK,8.009151
760,1772512342.202275,97.384010,102.384995,-2.367516,LK,8.001445
761,1772512342.322245,96.789169,101.829071,-2.367029,LK,7.990125
762,1772512342.402282,96.218529,101.295189,-2.366482,LK,7.982093
763,1772512342.462229,95.629585,100.743279,-2.360069,LK,7.953222
764,1772512342.582330,95.043625,100.181427,-2.338450,LK,7.924272
765,1772512342.682243,94.475197,99.613632,-2.336790,LK,7.940285
766,1772512342.802239,93.894859,99.032669,-2.338474,LK,7.964077
767,1772512342.902229,93.240395,98.383934,-2.341349,LK,7.986244
768,1772512342.962222,92.813431,97.964531,-2.343290,LK,7.999721
769,1772512343.082282,92.245979,97.410500,-2.345955,LK,8.014737
770,1772512343.202280,91.608780,96.791687,-2.348684,LK,8.024142
771,1772512343.322299,91.088554,96.288437,-2.350798,LK,8.011626
772,1772512343.382255,90.497887,95.719086,-2.352895,LK,7.995534
773,1772512343.462240,89.928314,95.171951,-2.349519,LK,7.913203
774,1772512343.582311,89.321426,94.579727,-2.336827,LK,7.863875
775,1772512343.722249,88.687698,93.947250,-2.338332,LK,7.887911
776,1772512343.802237,88.137741,93.400810,-2.340446,LK,7.910080
777,1772512343.942260,87.469933,92.743355,-2.344207,LK,7.937450
778,1772512343.962274,87.135994,92.417198,-2.346115,LK,7.950420
779,1772512344.102214,86.570267,91.867867,-2.349227,LK,7.969809
780,1772512344.222267,85.979370,91.297569,-2.352139,LK,7.986343
781,1772512344.342246,85.325874,90.670044,-2.354885,LK,7.999643
782,1772512344.362348,84.887794,90.251030,-2.356642,LK,8.010183
783,1772512344.482215,84.315689,89.705872,-2.358786,LK,8.017581
784,1772512344.602230,83.754715,89.173393,-2.360186,LK,8.000718
785,1772512344.722254,83.147171,88.598267,-2.361590,LK,7.980300
786,1772512344.742271,82.588898,88.071121,-2.362758,LK,7.959781
787,1772512344.862253,81.935379,87.455498,-2.364015,LK,7.954590
788,1772512344.982235,81.366394,86.920586,-2.364751,LK,7.964364
789,1772512345.122241,80.759109,86.350418,-2.365229,LK,7.978678
790,1772512345.222213,80.097946,85.730118,-2.365657,LK,7.988018
791,1772512345.262262,79.657669,85.317299,-2.365881,LK,7.994994
792,1772512345.382252,79.080444,84.776306,-2.366023,LK,8.004480
793,1772512345.502217,78.474861,84.208740,-2.362415,LK,7.960188
794,1772512345.622237,77.908234,83.673004,-2.358818,LK,7.896737
795,1772512345.722253,77.331192,83.123001,-2.358770,LK,7.879921
796,1772512345.762283,76.770912,82.589264,-2.359008,LK,7.888911
797,1772512345.882327,76.197395,82.044098,-2.359686,LK,7.904272
798,1772512346.002239,75.584755,81.463150,-2.360448,LK,7.920073
799,1772512346.122235,74.932999,80.846245,-2.361108,LK,7.931994
800,1772512346.182344,74.498871,80.435745,-2.361542,LK,7.940905
801,1772512346.262268,73.918449,79.887390,-2.362066,LK,7.951164
802,1772512346.382244,73.336220,79.337730,-2.362478,LK,7.959735
803,1772512346.502229,72.758957,78.793198,-2.362791,LK,7.969071
804,1772512346.622223,72.153641,78.222488,-2.362979,LK,7.977352
805,1772512346.702217,71.559128,77.662109,-2.363137,LK,7.984477
806,1772512346.762286,70.966141,77.103371,-2.363315,LK,7.991646
807,1772512346.882308,70.408318,76.577911,-2.363410,LK,7.992886
808,1772512347.002214,69.783508,75.989464,-2.363454,LK,7.986687
809,1772512347.122210,69.124207,75.368561,-2.363669,LK,7.981707
810,1772512347.202333,68.687744,74.957611,-2.363751,LK,7.985628
811,1772512347.262273,68.098312,74.402817,-2.363883,LK,7.992615
812,1772512347.382231,67.458107,73.800461,-2.364120,LK,7.998113
813,1772512347.502245,66.882874,73.259415,-2.364481,LK,7.988817
814,1772512347.622277,66.295273,72.707214,-2.365002,LK,7.967842
815,1772512347.662222,65.728989,72.175659,-2.365473,LK,7.970904
816,1772512347.782254,65.142166,71.625397,-2.365837,LK,7.975307
817,1772512347.902247,64.549881,71.070396,-2.366263,LK,7.980029
818,1772512348.002273,63.974522,70.531677,-2.366533,LK,7.984744
819,1772512348.082371,63.403568,69.997353,-2.366982,LK,7.987563
820,1772512348.162255,62.826748,69.458038,-2.367613,LK,7.990544
821,1772512348.282269,62.230682,68.901505,-2.368397,LK,7.994835
822,1772512348.402257,61.655807,68.365791,-2.369719,LK,7.998751
823,1772512348.482226,61.027550,67.781876,-2.366013,LK,7.936522
824,1772512348.542207,60.465725,67.253777,-2.360099,LK,7.899232
825,1772512348.682267,59.880890,66.697723,-2.362531,LK,7.891405
826,1772512348.802208,59.225803,66.079620,-2.367801,LK,7.900845
827,1772512348.902259,58.762615,65.648018,-2.372647,LK,7.908650
828,1772512349.022291,58.217602,65.146637,-2.378633,LK,7.917425
829,1772512349.062252,57.678104,64.656830,-2.384997,LK,7.925704
830,1772512349.162217,57.097691,64.137054,-2.392374,LK,7.934015
831,1772512349.302242,56.476593,63.589329,-2.400925,LK,7.939860
832,1772512349.422269,55.866646,63.060596,-2.409429,LK,7.945609
833,1772512349.502230,55.248444,62.533958,-2.417923,LK,7.951467
834,1772512349.542285,54.653816,62.035751,-2.424934,LC,7.955088
835,1772512349.682272,54.051094,61.537994,-2.433132,LC,7.958731
836,1772512349.802220,53.380676,60.993992,-2.442691,LC,7.960720
837,1772512349.922244,52.664627,60.424732,-2.452531,LC,7.963592
838,1772512349.982253,52.194801,60.057480,-2.459059,LC,7.965031
839,1772512350.062263,51.577534,59.582436,-2.467702,LC,7.967045
840,1772512350.182243,50.856018,59.037842,-2.477584,LC,7.967508
841,1772512350.302243,50.237206,58.579475,-2.485429,LC,7.969164
842,1772512350.422204,49.589241,58.107323,-2.493489,LC,7.970630
843,1772512350.502251,48.959991,57.656029,-2.493557,LC,7.918713
844,1772512350.542217,48.289204,57.169128,-2.477662,LC,7.824079
845,1772512350.682215,47.665871,56.702187,-2.482825,LC,7.826134
846,1772512350.802257,46.951881,56.174397,-2.492458,LC,7.840611
847,1772512350.922250,46.452385,55.813553,-2.499242,LC,7.851341
848,1772512350.942240,45.825207,55.369675,-2.507687,LC,7.865158
849,1772512351.062234,45.176777,54.919979,-2.515718,LC,7.874888
850,1772512351.182324,44.528656,54.477848,-2.522593,LC,7.885856
851,1772512351.322253,43.884235,54.043694,-2.528621,LC,7.896145
852,1772512351.422262,43.182518,53.576469,-2.534193,LC,7.904775
853,1772512351.442275,42.542740,53.154396,-2.529192,LC,7.852962
854,1772512351.562232,41.838310,52.680862,-2.521161,LC,7.853513
855,1772512351.702298,41.202835,52.246262,-2.523665,LC,7.861644
856,1772512351.822243,40.463448,51.744537,-2.527949,LC,7.871362
857,1772512351.902247,39.978680,51.419308,-2.530361,LC,7.877809
858,1772512351.962259,39.238312,50.927094,-2.532964,LC,7.885541
859,1772512352.062353,38.594650,50.501354,-2.534054,LC,7.892530
860,1772512352.182220,37.949657,50.074947,-2.533585,LC,7.898735
861,1772512352.302272,37.282188,49.632385,-2.532629,LC,7.904287
862,1772512352.402226,36.648281,49.210625,-2.530935,LC,7.909340
863,1772512352.462241,35.954323,48.746456,-2.521326,LC,7.862463
864,1772512352.582247,35.217556,48.236015,-2.498420,LC,7.792780
865,1772512352.682241,34.739635,47.890259,-2.495209,LC,7.803466
866,1772512352.802222,34.025497,47.369469,-2.491878,LC,7.820362
867,1772512352.902204,33.430134,46.935223,-2.489969,LC,7.836994
868,1772512352.962252,32.808060,46.481522,-2.488220,LC,7.855676
869,1772512353.082288,32.179756,46.021889,-2.486458,LC,7.876184
870,1772512353.182224,31.554859,45.563065,-2.483755,LC,7.892748
871,1772512353.302215,30.930574,45.102089,-2.480493,LC,7.902795
872,1772512353.382241,30.242971,44.590382,-2.476386,LC,7.914280
873,1772512353.502240,29.520874,44.046722,-2.461760,LC,7.843394
874,1772512353.582290,29.063137,43.690865,-2.438547,LC,7.768322
875,1772512353.702218,28.308914,43.070236,-2.429017,LC,7.780726
876,1772512353.802244,27.854382,42.690117,-2.427302,LC,7.793053
877,1772512353.862244,27.248795,42.184372,-2.425358,LC,7.807764
878,1772512353.942261,26.644119,41.680412,-2.423979,LC,7.820695
879,1772512354.062208,26.029823,41.168335,-2.422656,LC,7.832499
880,1772512354.202279,25.417107,40.656189,-2.421281,LK,7.845451
881,1772512354.282246,24.818218,40.153633,-2.419932,LK,7.853965
882,1772512354.342247,24.174988,39.611862,-2.418473,LK,7.860132
883,1772512354.462239,23.580503,39.109276,-2.410594,LK,7.831070
884,1772512354.582252,22.987436,38.598579,-2.403825,LK,7.836612
885,1772512354.702219,22.306068,38.003201,-2.402173,LK,7.852695
886,1772512354.842239,21.261850,37.090355,-2.401790,LK,7.871976
887,1772512354.962213,20.673136,36.576912,-2.401811,LK,7.882443
888,1772512355.082357,20.086254,36.065460,-2.401831,LK,7.894977
889,1772512355.202225,19.495798,35.550758,-2.401862,LK,7.903068
890,1772512355.282210,18.911718,35.041393,-2.401943,LK,7.908825
891,1772512355.402241,18.231915,34.448521,-2.402058,LK,7.917107
892,1772512355.462263,17.582960,33.882137,-2.392586,LK,7.842929
893,1772512355.582264,17.006947,33.364281,-2.368888,LK,7.760384
894,1772512355.702237,16.347364,32.742886,-2.368563,LK,7.769092
895,1772512355.822283,15.805445,32.233078,-2.370663,LK,7.780541
896,1772512355.902222,15.380480,31.837284,-2.373598,LK,7.794002
897,1772512355.962281,14.821260,31.322672,-2.378161,LK,7.810181
898,1772512356.082374,14.042930,30.616301,-2.384119,LK,7.829021
899,1772512356.182260,13.675270,30.285494,-2.386530,LK,7.836505
900,1772512356.282299,13.103907,29.773943,-2.389876,LK,7.847525
901,1772512356.382218,12.470802,29.210264,-2.392818,LK,7.858095
902,1772512356.542289,11.799194,28.615177,-2.395170,LK,7.869844
903,1772512356.622221,11.134707,28.026636,-2.389148,LK,7.822138
904,1772512356.662227,10.701629,27.638708,-2.388757,LK,7.829115
905,1772512356.802251,10.119761,27.116251,-2.387568,LK,7.838251
906,1772512356.922223,9.532406,26.587654,-2.385463,LK,7.851620
907,1772512356.962219,8.956112,26.066921,-2.382951,LK,7.863425
908,1772512357.082264,8.403437,25.565012,-2.379848,LK,7.875371
909,1772512357.202235,7.799394,25.012161,-2.374031,LK,7.885601
910,1772512357.302207,7.229980,24.484367,-2.368064,LK,7.895854
911,1772512357.402209,6.609748,23.901482,-2.360925,LK,7.904349
912,1772512357.462212,5.931507,23.252815,-2.343424,LK,7.891783
913,1772512357.582235,5.387187,22.711575,-2.325474,LK,7.891197
914,1772512357.702233,4.976879,22.289543,-2.318944,LK,7.898134
915,1772512357.802216,4.453887,21.743717,-2.311808,LK,7.907234
916,1772512357.842346,3.918068,21.178221,-2.304795,LK,7.912330
917,1772512357.962279,3.360403,20.582741,-2.297466,LK,7.914537
918,1772512358.062227,2.806522,19.983229,-2.290113,LK,7.916533
919,1772512358.202280,2.245308,19.367294,-2.282753,LK,7.920517
920,1772512358.302245,1.724899,18.788239,-2.276170,INT,7.921157
921,1772512358.342213,1.242238,18.243601,-2.270105,INT,7.918956
922,1772512358.542242,0.527565,17.422853,-2.251803,INT,7.890578
923,1772512358.582262,0.105840,16.922680,-2.242829,INT,7.894848
924,1772512358.722245,-0.392647,16.319088,-2.237845,INT,7.899738
925,1772512358.842227,-0.964133,15.620720,-2.234943,INT,7.905363
926,1772512358.882352,-1.338695,15.162136,-2.234673,INT,7.908677
927,1772512358.982253,-1.844462,14.544224,-2.235444,INT,7.912270
928,1772512359.122235,-2.289353,14.002814,-2.237053,INT,7.915812
929,1772512359.182345,-2.796853,13.388331,-2.240111,INT,7.920080
930,1772512359.242230,-3.288129,12.797449,-2.243610,INT,7.923771
931,1772512359.382289,-3.808597,12.176076,-2.248224,INT,7.924860
932,1772512359.502270,-4.331901,11.557994,-2.254764,INT,7.928687
933,1772512359.602253,-4.837707,10.968107,-2.258427,INT,7.925538
934,1772512359.642224,-5.354408,10.370946,-2.265857,INT,7.929088
935,1772512359.782250,-5.906673,9.742557,-2.275555,INT,7.926322
936,1772512359.902277,-6.506035,9.076044,-2.287659,INT,7.925755
937,1772512360.022215,-7.124539,8.406458,-2.301254,INT,7.923529
938,1772512360.122222,-7.536643,7.970776,-2.309952,INT,7.923350
939,1772512360.142224,-8.059683,7.428622,-2.321202,INT,7.918190
940,1772512360.282408,-8.659907,6.821156,-2.335512,INT,7.903200
941,1772512360.422240,-9.193134,6.296480,-2.348238,INT,7.895648
942,1772512360.502378,-9.750918,5.762333,-2.360618,INT,7.895959
943,1772512360.542270,-10.310689,5.236578,-2.364489,INT,7.861641
944,1772512360.662233,-10.926232,4.664238,-2.377914,INT,7.855331
945,1772512360.782226,-11.618620,4.039186,-2.394255,INT,7.856719
946,1772512360.902227,-11.968969,3.731030,-2.402598,INT,7.858942
947,1772512360.982243,-12.580721,3.205762,-2.416836,INT,7.862966
948,1772512361.102322,-13.259925,2.640265,-2.431835,INT,7.867964
949,1772512361.162205,-13.860909,2.153978,-2.444738,INT,7.873199
950,1772512361.262236,-14.450427,1.688607,-2.456568,INT,7.880659
951,1772512361.402255,-15.106522,1.183167,-2.468433,INT,7.891764
952,1772512361.502245,-15.681936,0.749707,-2.473980,INT,7.878433
953,1772512361.602254,-16.338989,0.256980,-2.470401,INT,7.848000
954,1772512361.702235,-17.061871,-0.288347,-2.480620,INT,7.859112
955,1772512361.822266,-17.780313,-0.818390,-2.491363,INT,7.874437
956,1772512361.882319,-18.254562,-1.160654,-2.498567,INT,7.886014
957,1772512362.002270,-18.875830,-1.600153,-2.507616,INT,7.896000
958,1772512362.102278,-19.491293,-2.027511,-2.515329,INT,7.905406
959,1772512362.222316,-20.139736,-2.470640,-2.522667,INT,7.914271
960,1772512362.282263,-20.870651,-2.962458,-2.530017,INT,7.925527
961,1772512362.362298,-21.509211,-3.386364,-2.535918,INT,7.931093
962,1772512362.482250,-22.206642,-3.843813,-2.543344,INT,7.931352
963,1772512362.602209,-22.970621,-4.335254,-2.552409,INT,7.933580
964,1772512362.682328,-23.464664,-4.647834,-2.554771,INT,7.935015
965,1772512362.782296,-24.115395,-5.057462,-2.556515,INT,7.937592
966,1772512362.862237,-24.884670,-5.541129,-2.557023,INT,7.940297
967,1772512362.982267,-25.553541,-5.962207,-2.557087,INT,7.942204
968,1772512363.102229,-26.187578,-6.361824,-2.556251,INT,7.943626
969,1772512363.182235,-26.814533,-6.757884,-2.554936,INT,7.945155
970,1772512363.302297,-27.535095,-7.214636,-2.552892,INT,7.946802
971,1772512363.362242,-28.182013,-7.626629,-2.550718,INT,7.947797
972,1772512363.482385,-28.922510,-8.100813,-2.547925,INT,7.949046
973,1772512363.602265,-29.628853,-8.556033,-2.544879,INT,7.949934
974,1772512363.722296,-30.375370,-9.040601,-2.541532,INT,7.950937
975,1772512363.742257,-30.766533,-9.295963,-2.539731,INT,7.951390
976,1772512363.862244,-31.508787,-9.783348,-2.536216,INT,7.952055
977,1772512363.982313,-31.969091,-10.087485,-2.533999,INT,7.951996
978,1772512364.102237,-32.604973,-10.509929,-2.530926,INT,7.951823
979,1772512364.222232,-33.261997,-10.949452,-2.527759,INT,7.952909
980,1772512364.242252,-33.950211,-11.413312,-2.524497,INT,7.955853
981,1772512364.362234,-34.687744,-11.913996,-2.521041,INT,7.956446
982,1772512364.482245,-35.177788,-12.248485,-2.517080,INT,7.917020
983,1772512364.622238,-35.912785,-12.752812,-2.514132,INT,7.834276
984,1772512364.742222,-37.144051,-13.609232,-2.509579,INT,7.818110
985,1772512364.862222,-37.758514,-14.041344,-2.507385,INT,7.788078
986,1772512364.982294,-38.466934,-14.538857,-2.504928,INT,7.724178
987,1772512365.082234,-39.089081,-14.978970,-2.503718,INT,7.711158
988,1772512365.202204,-39.746902,-15.448002,-2.502560,INT,7.728974
989,1772512365.342241,-40.456402,-15.954101,-2.502089,LK,7.760741
990,1772512365.362234,-40.918324,-16.283085,-2.501970,LK,7.776281
991,1772512365.482229,-41.532249,-16.719440,-2.502120,LK,7.801413
992,1772512365.582234,-42.269936,-17.242168,-2.504222,LK,7.820517
993,1772512365.702247,-42.890335,-17.680452,-2.504433,LK,7.834524
994,1772512365.742265,-43.511444,-18.119123,-2.505033,LK,7.850430
995,1772512365.862238,-44.139412,-18.562122,-2.506084,LK,7.859818
996,1772512365.982273,-44.801357,-19.028246,-2.507044,LK,7.864859
997,1772512366.102268,-45.522568,-19.534973,-2.508000,LK,7.869958
998,1772512366.222240,-46.254883,-20.048267,-2.509242,LK,7.877633
999,1772512366.302244,-46.733231,-20.382875,-2.510047,LK,7.881109
1000,1772512366.342232,-47.325111,-20.796021,-2.511010,LK,7.887233
1001,1772512366.482362,-47.904896,-21.199797,-2.511392,LK,7.896844
1002,1772512366.582235,-48.547291,-21.647406,-2.510615,LK,7.904497
1003,1772512366.702218,-49.278568,-22.157444,-2.512507,LK,7.911202
1004,1772512366.802237,-49.904686,-22.592144,-2.514437,LK,7.921518
1005,1772512366.902245,-50.525906,-23.021309,-2.516321,LK,7.932721
1006,1772512366.942281,-51.216896,-23.495903,-2.518502,LK,7.945678
1007,1772512367.082296,-51.946701,-23.992735,-2.521149,LK,7.965790
1008,1772512367.182213,-52.696964,-24.501328,-2.523825,LK,7.981271
1009,1772512367.302207,-53.186893,-24.832573,-2.525269,LK,7.996349
1010,1772512367.362234,-53.817493,-25.256435,-2.526820,LK,8.021801
1011,1772512367.482261,-54.457851,-25.684656,-2.523860,LK,7.994035
1012,1772512367.562215,-55.184929,-26.180189,-2.509968,LK,7.942557
1013,1772512367.682256,-55.841690,-26.640434,-2.511348,LK,7.955469
1014,1772512367.802242,-56.488998,-27.092239,-2.514783,LK,7.990764
1015,1772512367.882229,-57.210476,-27.589544,-2.518780,LK,8.032378
1016,1772512368.022326,-57.873875,-28.041426,-2.522408,LK,8.063595
1017,1772512368.062318,-58.519424,-28.477364,-2.525837,LK,8.074902
1018,1772512368.182343,-59.299747,-29.000460,-2.529468,LK,8.061859
1019,1772512368.302218,-59.942253,-29.428715,-2.532201,LK,8.029911
1020,1772512368.402251,-60.444332,-29.761879,-2.534266,LK,8.007082
1021,1772512368.502261,-61.087284,-30.186411,-2.536761,LK,7.987606
1022,1772512368.562295,-61.819214,-30.668316,-2.535117,LK,7.968683
1023,1772512368.662223,-62.541714,-31.145235,-2.537162,LK,7.958567
1024,1772512368.782287,-63.145256,-31.541920,-2.539000,LK,7.958428
1025,1772512368.882278,-63.772552,-31.952202,-2.540873,LK,7.959111
1026,1772512369.002267,-64.473518,-32.408413,-2.542805,LK,7.960012
1027,1772512369.102256,-65.199524,-32.878880,-2.544530,LK,7.961214
1028,1772512369.182234,-65.921249,-33.344955,-2.546118,LK,7.963828
1029,1772512369.262216,-66.410973,-33.660393,-2.547030,LK,7.965033
1030,1772512369.342275,-67.139381,-34.128506,-2.548196,LK,7.967272
1031,1772512369.482206,-67.756607,-34.524372,-2.547939,LK,7.968283
1032,1772512369.602248,-68.473976,-34.984695,-2.550007,LK,7.966223
1033,1772512369.682208,-69.120674,-35.397907,-2.550836,LK,7.967997
1034,1772512369.762201,-69.847450,-35.861237,-2.551413,LK,7.967967
1035,1772512369.862254,-70.462799,-36.253147,-2.551692,LK,7.968185
1036,1772512369.942234,-71.123497,-36.673786,-2.551928,LK,7.968114
1037,1772512370.082262,-71.858849,-37.141861,-2.552025,LK,7.967666
1038,1772512370.182275,-72.530197,-37.569157,-2.552182,LK,7.965554
1039,1772512370.262250,-73.230713,-38.014832,-2.552354,LK,7.963559
1040,1772512370.362345,-73.957458,-38.476986,-2.552480,LK,7.961031
1041,1772512370.502200,-74.683670,-38.938667,-2.553392,LK,7.957466
1042,1772512370.602254,-75.176750,-39.251534,-2.554933,LK,7.955250
1043,1772512370.682212,-75.791153,-39.639767,-2.554824,LK,7.953912
1044,1772512370.762232,-76.526581,-40.104641,-2.554421,LK,7.952882
1045,1772512370.882257,-77.249832,-40.562565,-2.553888,LK,7.952601
1046,1772512371.002294,-77.867340,-40.954163,-2.553475,LK,7.952547
1047,1772512371.102268,-78.596008,-41.416782,-2.552978,LK,7.952508
1048,1772512371.182237,-79.223991,-41.815876,-2.552614,LK,7.952291
1049,1772512371.282248,-79.856026,-42.217758,-2.552285,LK,7.952973
1050,1772512371.362230,-80.595078,-42.687996,-2.552099,LK,7.953911
1051,1772512371.442237,-81.280609,-43.124237,-2.553540,LK,7.953287
1052,1772512371.602212,-82.006996,-43.584476,-2.555004,LK,7.953303
1053,1772512371.682233,-82.731857,-44.042282,-2.554685,LK,7.954310
1054,1772512371.762201,-83.223564,-44.353130,-2.554467,LK,7.955090
1055,1772512371.862234,-83.957779,-44.817886,-2.554231,LK,7.956303
1056,1772512372.022234,-84.587631,-45.216957,-2.554017,LK,7.957565
1057,1772512372.102232,-85.293533,-45.664436,-2.553884,LK,7.958664
1058,1772512372.202244,-85.907196,-46.053513,-2.553838,LK,7.958485
1059,1772512372.282314,-86.660202,-46.530865,-2.553877,LK,7.959551
1060,1772512372.362216,-87.284569,-46.926567,-2.554006,LK,7.959939
1061,1772512372.462274,-87.997597,-47.378311,-2.554136,LK,7.960152
1062,1772512372.622231,-88.616501,-47.770306,-2.554312,LK,7.959864
1063,1772512372.702253,-89.320831,-48.216255,-2.554395,LK,7.960032
1064,1772512372.782293,-90.022476,-48.660435,-2.554577,LK,7.960756
1065,1772512372.882269,-90.705956,-49.092945,-2.554809,LK,7.960917
1066,1772512372.962201,-91.429596,-49.550610,-2.555132,LK,7.961443
1067,1772512373.122255,-92.163658,-50.014488,-2.555485,LK,7.962304
1068,1772512373.202192,-92.655548,-50.325115,-2.555829,LK,7.963028
1069,1772512373.302240,-93.385139,-50.785404,-2.556336,LK,7.964814
1070,1772512373.382213,-94.013939,-51.181705,-2.556769,LK,7.965745
1071,1772512373.462233,-94.648186,-51.581104,-2.555597,LK,7.949341
1072,1772512373.562219,-95.381958,-52.046768,-2.549875,LK,7.929518
1073,1772512373.682222,-96.002029,-52.444336,-2.550419,LK,7.932233
1074,1772512373.802270,-96.718880,-52.902992,-2.551747,LK,7.935278
1075,1772512373.882331,-97.332130,-53.293533,-2.553048,LK,7.940431
1076,1772512373.982250,-98.059250,-53.754532,-2.554624,LK,7.943363
1077,1772512374.062227,-98.744164,-54.187111,-2.556099,LK,7.946259
1078,1772512374.142192,-99.467804,-54.642727,-2.557504,LK,7.949203
1079,1772512374.302197,-100.215942,-55.112484,-2.558827,LK,7.950989
1080,1772512374.402199,-100.708511,-55.421104,-2.559759,LK,7.953049
1081,1772512374.502218,-101.363419,-55.830593,-2.555965,LK,7.917802
1082,1772512374.582193,-102.108742,-56.304169,-2.547758,LK,7.899419
1083,1772512374.682255,-102.722794,-56.700439,-2.548825,LK,7.904156
1084,1772512374.762230,-103.384918,-57.126110,-2.550695,LK,7.909878
1085,1772512374.842234,-104.036263,-57.541763,-2.553038,LK,7.916062
1086,1772512375.022238,-104.762268,-58.001472,-2.555616,LK,7.921599
1087,1772512375.082230,-105.377991,-58.389046,-2.557810,LK,7.926315
1088,1772512375.182217,-106.102417,-58.842781,-2.560238,LK,7.930591
1089,1772512375.282298,-106.785286,-59.268555,-2.562367,LK,7.934247
1090,1772512375.362235,-107.518517,-59.723713,-2.564377,LK,7.935395
1091,1772512375.502299,-108.249908,-60.175545,-2.568542,LK,7.929706
1092,1772512375.582212,-108.746994,-60.480091,-2.571315,LK,7.930631
1093,1772512375.682233,-109.488998,-60.931244,-2.572807,LK,7.928370
1094,1772512375.782280,-110.109222,-61.307259,-2.573543,LK,7.923046
1095,1772512375.862248,-110.831963,-61.745110,-2.574206,LK,7.919468
1096,1772512375.962240,-111.465385,-62.129005,-2.574605,LK,7.920547
1097,1772512376.082260,-112.187561,-62.566292,-2.574925,LK,7.916656
1098,1772512376.202186,-112.837067,-62.959156,-2.575108,LK,7.913752
1099,1772512376.302301,-113.481537,-63.348976,-2.575291,LK,7.915307
1100,1772512376.382285,-114.219711,-63.795258,-2.575395,LK,7.918296
1101,1772512376.482244,-114.905525,-64.209869,-2.572638,LK,7.901294
1102,1772512376.582219,-115.680595,-64.681580,-2.571863,LK,7.902089
1103,1772512376.662241,-116.173737,-64.982422,-2.571660,LK,7.906226
1104,1772512376.802271,-116.921890,-65.439133,-2.571228,LK,7.911526
1105,1772512376.902417,-117.376846,-65.716850,-2.570880,LK,7.912414
1106,1772512377.002224,-118.276779,-66.266571,-2.569803,LK,7.909628
1107,1772512377.082221,-118.896935,-66.646385,-2.568616,LK,7.903331
1108,1772512377.182247,-119.624115,-67.093407,-2.566935,LK,7.909423
1109,1772512377.262231,-120.236855,-67.471710,-2.564760,LK,7.914411
1110,1772512377.402220,-120.960587,-67.921158,-2.561188,LK,7.909120
1111,1772512377.522209,-121.570045,-68.302452,-2.558512,LK,7.897192
1112,1772512377.602233,-122.288696,-68.755173,-2.555847,LK,7.904219
1113,1772512377.682244,-122.977165,-69.191711,-2.551112,LK,7.912580
1114,1772512377.782238,-123.707077,-69.659683,-2.544927,LK,7.923088
1115,1772512377.882215,-124.436188,-70.134064,-2.538396,LK,7.929727
1116,1772512377.962205,-124.919426,-70.452339,-2.533949,LK,7.936822
1117,1772512378.062238,-125.641052,-70.933807,-2.526819,LK,7.941514
1118,1772512378.142227,-126.239120,-71.338730,-2.520579,LK,7.944210
1119,1772512378.302197,-126.942574,-71.821884,-2.513310,LC,7.953927
1120,1772512378.382261,-127.535645,-72.235260,-2.507145,LC,7.955171
1121,1772512378.482255,-128.244583,-72.736809,-2.496733,LC,7.938875
1122,1772512378.562223,-128.834732,-73.163589,-2.486837,LC,7.921858
1123,1772512378.662271,-129.450089,-73.618416,-2.480610,LC,7.923154
1124,1772512378.802302,-130.129166,-74.127167,-2.474549,LC,7.926132
1125,1772512378.902150,-130.775040,-74.615631,-2.469413,LC,7.935383
1126,1772512379.002243,-131.468933,-75.145531,-2.464062,LC,7.937875
1127,1772512379.082235,-132.152115,-75.672981,-2.459248,LC,7.936534
1128,1772512379.162166,-132.607758,-76.027657,-2.456040,LC,7.937506
1129,1772512379.262239,-133.231110,-76.516586,-2.451837,LC,7.944330
1130,1772512379.342248,-133.897949,-77.044006,-2.447924,LC,7.951037
1131,1772512379.502223,-134.486771,-77.513268,-2.444173,LC,7.947661
1132,1772512379.602229,-135.150696,-78.048035,-2.438841,LC,7.943127
1133,1772512379.682232,-135.720169,-78.510262,-2.437437,LC,7.948603
1134,1772512379.762244,-136.389954,-79.055008,-2.436242,LC,7.950182
1135,1772512379.842199,-136.960907,-79.520004,-2.435534,LC,7.952030
1136,1772512379.982229,-137.627441,-80.062981,-2.435109,LC,7.954230
1137,1772512380.102213,-138.265091,-80.582634,-2.435135,LC,7.955965
1138,1772512380.202202,-138.934265,-81.127838,-2.435928,LC,7.958014
1139,1772512380.282244,-139.608063,-81.675430,-2.437134,LC,7.960104
1140,1772512380.382229,-140.056915,-82.039467,-2.438467,LC,7.960775
1141,1772512380.462206,-140.639923,-82.510605,-2.440970,LC,7.962168
1142,1772512380.562244,-141.317322,-83.056061,-2.439190,LC,7.961721
1143,1772512380.682225,-141.893188,-83.520782,-2.442696,LC,7.961055
1144,1772512380.782254,-142.567688,-84.060440,-2.447415,LC,7.963976
1145,1772512380.882211,-143.145905,-84.518372,-2.452008,LC,7.961941
1146,1772512380.982210,-143.821716,-85.047714,-2.458139,LC,7.958959
1147,1772512381.062247,-144.450638,-85.533722,-2.463561,LC,7.961399
1148,1772512381.162226,-145.099152,-86.029327,-2.469390,LC,7.958592
1149,1772512381.302220,-145.837875,-86.586731,-2.476867,LC,7.958173
1150,1772512381.422223,-146.435333,-87.031006,-2.483230,LC,7.957983
1151,1772512381.502181,-147.131348,-87.541306,-2.483063,LC,7.917829
1152,1772512381.582224,-147.595856,-87.882782,-2.479990,LC,7.891458
1153,1772512381.682230,-148.291046,-88.398094,-2.487456,LC,7.898213
1154,1772512381.762235,-148.876526,-88.825806,-2.494774,LC,7.901459
1155,1772512381.862206,-149.569946,-89.322060,-2.504131,LC,7.907603
1156,1772512381.942254,-150.173950,-89.745010,-2.512057,LC,7.917911
1157,1772512382.082200,-150.781372,-90.163040,-2.519837,LK,7.919611
1158,1772512382.202255,-151.497787,-90.647369,-2.528614,LK,7.923772
1159,1772512382.282338,-152.109879,-91.054276,-2.535656,LK,7.927567
1160,1772512382.362200,-152.830078,-91.525513,-2.543468,LK,7.931067
1161,1772512382.462234,-153.508865,-91.962677,-2.548617,LK,7.933120
1162,1772512382.542211,-154.231308,-92.423515,-2.552970,LK,7.930831
1163,1772512382.682205,-154.982224,-92.897842,-2.559364,LK,7.932614
1164,1772512382.802185,-155.472031,-93.203583,-2.563371,LK,7.933527
1165,1772512382.902209,-156.206543,-93.656799,-2.569226,LK,7.933818
1166,1772512382.982214,-156.841492,-94.043663,-2.573959,LK,7.932513
1167,1772512383.082230,-157.471954,-94.423813,-2.578089,LK,7.935189
1168,1772512383.162197,-158.165527,-94.838165,-2.582283,LK,7.935170
1169,1772512383.262208,-158.889709,-95.266930,-2.585903,LK,7.938751
1170,1772512383.342184,-159.541504,-95.650185,-2.588539,LK,7.944819
1171,1772512383.482278,-160.276825,-96.080238,-2.590638,LK,7.946551
1172,1772512383.602201,-160.978104,-96.488785,-2.592285,LK,7.953638
1173,1772512383.682191,-161.729141,-96.924934,-2.593843,LK,7.962508
1174,1772512383.762227,-162.470490,-97.354073,-2.594979,LK,7.962260
1175,1772512383.862237,-162.973450,-97.644524,-2.595609,LK,7.962462
1176,1772512383.942224,-163.611954,-98.012749,-2.595919,LK,7.968753
1177,1772512384.122225,-164.366165,-98.447495,-2.596072,LK,7.964709
1178,1772512384.202199,-165.100586,-98.870789,-2.595979,LK,7.960693
1179,1772512384.282241,-165.738464,-99.238579,-2.595732,LK,7.956965
1180,1772512384.382212,-166.481293,-99.667213,-2.595242,LK,7.954336
1181,1772512384.462254,-167.128418,-100.041199,-2.589573,LK,7.920533
1182,1772512384.562213,-167.766983,-100.416359,-2.581666,LK,7.918238
1183,1772512384.702205,-168.494812,-100.852280,-2.580715,LK,7.918944
1184,1772512384.802231,-169.189041,-101.268494,-2.580659,LK,7.920949
1185,1772512384.882273,-169.927032,-101.709732,-2.580653,LK,7.923861
1186,1772512384.982246,-170.661972,-102.148331,-2.580543,LK,7.924345
1187,1772512385.082229,-171.167725,-102.450104,-2.580425,LK,7.926481
1188,1772512385.162220,-171.927765,-102.903984,-2.580113,LK,7.930231
1189,1772512385.262196,-172.565643,-103.285408,-2.579769,LK,7.933069
1190,1772512385.342202,-173.192200,-103.660507,-2.579313,LK,7.934695
1191,1772512385.482230,-173.884140,-104.075340,-2.578696,LK,7.931465
1192,1772512385.602245,-174.618027,-104.515823,-2.578478,LK,7.931399
1193,1772512385.682208,-175.252029,-104.896599,-2.577804,LK,7.929477
1194,1772512385.782233,-175.987396,-105.339058,-2.576919,LK,7.921668
1195,1772512385.862202,-176.679321,-105.756287,-2.576089,LK,7.916161
1196,1772512385.962219,-177.411774,-106.198868,-2.575139,LK,7.916804
1197,1772512386.062204,-178.136246,-106.637619,-2.574220,LK,7.911288
1198,1772512386.142275,-178.622192,-106.932404,-2.573568,LK,7.908716
1199,1772512386.242205,-179.362259,-107.382210,-2.572646,LK,7.909974
1200,1772512386.362284,-179.987717,-107.763046,-2.571887,LK,7.911813
1201,1772512386.462256,-180.714035,-108.206238,-2.566027,LK,7.890636
1202,1772512386.582241,-181.325165,-108.584381,-2.561269,LK,7.892946
1203,1772512386.682262,-182.046844,-109.036598,-2.560625,LK,7.891171
1204,1772512386.782206,-182.666199,-109.424919,-2.560725,LK,7.890655
1205,1772512386.882206,-183.377029,-109.869431,-2.561015,LK,7.900674
1206,1772512387.002215,-184.026520,-110.274681,-2.561357,LK,7.903421
1207,1772512387.042286,-184.735962,-110.716843,-2.561829,LK,7.899614
1208,1772512387.162205,-185.470657,-111.174423,-2.562265,LK,7.897306
1209,1772512387.262247,-186.192200,-111.623543,-2.562711,LK,7.900329
1210,1772512387.342252,-186.678711,-111.926140,-2.563072,LK,7.901325
1211,1772512387.442205,-187.414719,-112.383926,-2.557148,LK,7.868408
1212,1772512387.562242,-188.029510,-112.771484,-2.555438,LK,7.866798
1213,1772512387.662258,-188.747452,-113.226501,-2.556182,LK,7.870963
1214,1772512387.802232,-189.446945,-113.668457,-2.557488,LK,7.872529
1215,1772512387.882187,-190.028381,-114.034195,-2.558556,LK,7.874865
1216,1772512387.982235,-190.743210,-114.482185,-2.559825,LK,7.878144
1217,1772512388.082211,-191.380356,-114.880409,-2.560901,LK,7.880201
1218,1772512388.202199,-192.102631,-115.330818,-2.562065,LK,7.882263
1219,1772512388.242229,-192.783600,-115.754578,-2.563012,LK,7.886023
1220,1772512388.362225,-193.511093,-116.206482,-2.563771,LK,7.889656
1221,1772512388.462223,-194.270203,-116.678238,-2.562181,LK,7.875981
1222,1772512388.542198,-194.757843,-116.982300,-2.561112,LK,7.875875
1223,1772512388.662263,-195.370544,-117.365097,-2.561513,LK,7.877090
1224,1772512388.762218,-196.098114,-117.818993,-2.562349,LK,7.882622
1225,1772512388.882237,-196.713257,-118.201805,-2.563191,LK,7.883781
1226,1772512389.002230,-197.432449,-118.648209,-2.564022,LK,7.886259
1227,1772512389.082208,-198.050629,-119.031128,-2.564771,LK,7.888723
1228,1772512389.202238,-198.802948,-119.496338,-2.565581,LK,7.893428
1229,1772512389.242230,-199.424377,-119.880081,-2.566236,LK,7.895109
1230,1772512389.362252,-200.123474,-120.311150,-2.566815,LK,7.900893
1231,1772512389.442227,-200.841751,-120.753677,-2.564304,LK,7.891444
1232,1772512389.562245,-201.563110,-121.200356,-2.565820,LK,7.897631
1233,1772512389.662245,-202.286530,-121.647217,-2.566580,LK,7.903266
1234,1772512389.742237,-202.777374,-121.949760,-2.566926,LK,7.908062
1235,1772512389.862236,-203.508636,-122.399895,-2.567419,LK,7.913797
1236,1772512389.962210,-204.132217,-122.783325,-2.567781,LK,7.918782
1237,1772512390.102204,-204.841553,-123.219131,-2.568218,LK,7.923717
1238,1772512390.182196,-205.423294,-123.576263,-2.568495,LK,7.927136
1239,1772512390.282228,-206.154221,-124.024788,-2.568773,LK,7.927702
1240,1772512390.402217,-206.792664,-124.416351,-2.568962,LK,7.929930
1241,1772512390.502244,-207.522461,-124.864288,-2.559552,LK,7.885890
1242,1772512390.602223,-208.157028,-125.262711,-2.554870,LK,7.886133
1243,1772512390.642221,-208.844116,-125.699821,-2.555223,LK,7.886031
1244,1772512390.762276,-209.565613,-126.157326,-2.556466,LK,7.885692
1245,1772512390.862214,-210.306656,-126.624214,-2.558192,LK,7.886725
1246,1772512390.962346,-210.798019,-126.932236,-2.559246,LK,7.887017
1247,1772512391.082244,-211.494705,-127.367622,-2.560751,LK,7.886393
1248,1772512391.182221,-212.111801,-127.752235,-2.561997,LK,7.885541
1249,1772512391.282254,-212.864075,-128.219910,-2.563486,LK,7.886642
1250,1772512391.402222,-213.500763,-128.614624,-2.564738,LK,7.886464
1251,1772512391.502234,-214.127151,-129.002197,-2.558374,LK,7.855272
1252,1772512391.602246,-214.831573,-129.448364,-2.545994,LK,7.829182
1253,1772512391.682226,-215.452728,-129.851746,-2.546791,LK,7.831908
1254,1772512391.802257,-216.176788,-130.320129,-2.549220,LK,7.838588
1255,1772512391.842246,-216.867432,-130.762115,-2.552392,LK,7.844925
1256,1772512391.962365,-217.602020,-131.227325,-2.555840,LK,7.850935
1257,1772512392.062242,-218.092850,-131.535904,-2.558037,LK,7.854403
1258,1772512392.162233,-218.831604,-131.997757,-2.560847,LK,7.864443
1259,1772512392.282241,-219.464966,-132.391937,-2.563083,LK,7.868088
1260,1772512392.402226,-220.029388,-132.741821,-2.564839,LK,7.871518
1261,1772512392.482308,-220.755707,-133.191040,-2.554859,LK,7.833418
1262,1772512392.582233,-221.392059,-133.596893,-2.540929,LK,7.813731
1263,1772512392.642248,-222.105789,-134.066330,-2.542377,LK,7.820504
1264,1772512392.762225,-222.721313,-134.468903,-2.545354,LK,7.828406
1265,1772512392.862228,-223.447723,-134.937592,-2.550052,LK,7.836359
1266,1772512392.982239,-224.179382,-135.402603,-2.554766,LK,7.841098
1267,1772512393.082230,-224.669281,-135.710938,-2.557713,LK,7.848492
1268,1772512393.182241,-225.391327,-136.162079,-2.561611,LK,7.853151
1269,1772512393.302230,-226.042053,-136.565964,-2.564788,LK,7.855494
1270,1772512393.402236,-226.690521,-136.965958,-2.567807,LK,7.856876
1271,1772512393.462205,-227.316589,-137.349747,-2.570271,LK,7.859018
1272,1772512393.622239,-228.052460,-137.798187,-2.572827,LK,7.860402
1273,1772512393.682222,-228.682190,-138.179993,-2.574646,LK,7.861625
1274,1772512393.802232,-229.420731,-138.625946,-2.576417,LK,7.862857
1275,1772512393.842239,-230.115677,-139.044128,-2.577805,LK,7.863655
1276,1772512393.962217,-230.852356,-139.486160,-2.578968,LK,7.866300
1277,1772512394.062282,-231.350891,-139.784729,-2.579591,LK,7.866777
1278,1772512394.162240,-232.094727,-140.229553,-2.580073,LK,7.868063
1279,1772512394.262238,-232.734436,-140.611877,-2.580319,LK,7.870494
1280,1772512394.382215,-233.379364,-140.997192,-2.580449,LK,7.872538
1281,1772512394.502227,-234.133362,-141.447739,-2.576950,LK,7.862331
1282,1772512394.622186,-234.777130,-141.836334,-2.572644,LK,7.852924
1283,1772512394.642224,-235.430695,-142.235016,-2.572412,LK,7.858072
1284,1772512394.822281,-236.130310,-142.661743,-2.572571,LK,7.862559
1285,1772512394.842241,-236.815643,-143.078796,-2.573058,LK,7.871184
1286,1772512394.962232,-237.568588,-143.535858,-2.573475,LK,7.878127
1287,1772512395.062240,-238.062347,-143.835236,-2.573696,LK,7.881997
1288,1772512395.162225,-238.807312,-144.286713,-2.574027,LK,7.890278
1289,1772512395.282256,-239.451447,-144.677032,-2.574266,LK,7.898438
1290,1772512395.402292,-240.100586,-145.070282,-2.574250,LK,7.900805
1291,1772512395.482198,-240.850891,-145.524887,-2.574229,LK,7.907040
1292,1772512395.602241,-241.501770,-145.919449,-2.573064,LK,7.911163
1293,1772512395.642251,-242.156281,-146.317490,-2.572165,LK,7.913098
1294,1772512395.762206,-242.854706,-146.743164,-2.571929,LK,7.915181
1295,1772512395.862235,-243.609085,-147.203064,-2.571750,LK,7.916869
1296,1772512395.982263,-244.386475,-147.677094,-2.571497,LK,7.916110
1297,1772512396.102209,-244.885742,-147.981628,-2.571394,LK,7.913055
1298,1772512396.182254,-245.523636,-148.370880,-2.571188,LK,7.908627
1299,1772512396.302238,-246.261322,-148.821228,-2.571011,LK,7.904354
1300,1772512396.422212,-246.899277,-149.210815,-2.570833,LK,7.905736
1301,1772512396.442246,-247.535858,-149.600128,-2.561876,LK,7.863139
1302,1772512396.562288,-248.267700,-150.063324,-2.539095,LK,7.832137
1303,1772512396.662323,-248.898468,-150.481262,-2.538493,LK,7.833811
1304,1772512396.782271,-249.588272,-150.937698,-2.541640,LK,7.837114
1305,1772512396.882278,-250.329437,-151.420746,-2.545310,LK,7.842013
1306,1772512396.982270,-250.837296,-151.747818,-2.547961,LK,7.844061
1307,1772512397.102228,-251.558975,-152.208633,-2.551717,LK,7.846250
1308,1772512397.142215,-252.169724,-152.595901,-2.554807,LK,7.850015
1309,1772512397.262239,-252.826721,-153.010086,-2.557934,LK,7.852410
1310,1772512397.362230,-253.473526,-153.415451,-2.560563,LK,7.856038
1311,1772512397.482245,-254.124405,-153.821167,-2.562930,LK,7.858665
1312,1772512397.582229,-254.861633,-154.278305,-2.564830,LK,7.858377
1313,1772512397.702214,-255.493179,-154.668396,-2.566582,LK,7.861474
1314,1772512397.782284,-256.191040,-155.097641,-2.568428,LK,7.865005
1315,1772512397.882200,-256.932892,-155.552139,-2.570129,LK,7.868123
1316,1772512398.022297,-257.706421,-156.024185,-2.571665,LK,7.870940
1317,1772512398.142208,-258.850250,-156.719543,-2.573460,LK,7.874876
1318,1772512398.282213,-259.581055,-157.162476,-2.574365,LK,7.879811
1319,1772512398.382204,-260.254608,-157.570007,-2.575016,LK,7.882306
1320,1772512398.502246,-260.899597,-157.959991,-2.569432,LK,7.857413
1321,1772512398.622237,-261.538513,-158.353928,-2.556335,LK,7.841928
1322,1772512398.702255,-262.248291,-158.804474,-2.556097,LK,7.844473
1323,1772512398.822276,-263.001495,-159.282104,-2.557495,LK,7.852698
1324,1772512398.862265,-263.485596,-159.587021,-2.558978,LK,7.856931
1325,1772512398.982294,-264.250061,-160.064987,-2.561506,LK,7.865422
1326,1772512399.102232,-264.883209,-160.458313,-2.563388,LK,7.874445
1327,1772512399.202240,-265.513947,-160.848694,-2.565221,LK,7.880599
1328,1772512399.302204,-266.192932,-161.267502,-2.567028,LK,7.884162
1329,1772512399.442282,-266.785828,-161.632065,-2.568308,LK,7.885694
1330,1772512399.482223,-267.537537,-162.093048,-2.568728,LK,7.892902
1331,1772512399.602324,-268.201385,-162.500259,-2.567818,LK,7.894192
1332,1772512399.682247,-268.916443,-162.939835,-2.568468,LK,7.894796
1333,1772512399.782253,-269.664459,-163.398926,-2.569494,LK,7.894926
1334,1772512399.922221,-270.443970,-163.875885,-2.570544,LK,7.894914
1335,1772512399.982242,-270.941376,-164.179535,-2.571164,LK,7.894700
1336,1772512400.102233,-271.587280,-164.573181,-2.571819,LK,7.894299
1337,1772512400.182246,-272.229004,-164.963806,-2.572237,LK,7.892734
1338,1772512400.322229,-272.983887,-165.423019,-2.572509,LK,7.890889
1339,1772512400.402269,-273.637787,-165.820709,-2.572666,LK,7.889896
1340,1772512400.462232,-274.298126,-166.222275,-2.572646,LK,7.887113
1341,1772512400.562220,-274.958771,-166.624115,-2.572369,LK,7.883638
1342,1772512400.682223,-275.654236,-167.047485,-2.572195,LK,7.879691
1343,1772512400.802268,-276.395752,-167.499084,-2.572039,LK,7.875480
1344,1772512400.922225,-277.164001,-167.967148,-2.571812,LK,7.871122
1345,1772512401.002214,-277.659058,-168.268875,-2.571680,LK,7.868446
1346,1772512401.042236,-278.301849,-168.660767,-2.571533,LK,7.864840
1347,1772512401.162210,-279.042480,-169.112488,-2.571319,LK,7.860168
1348,1772512401.282251,-279.685028,-169.504608,-2.570952,LK,7.856691
1349,1772512401.382326,-280.335938,-169.902176,-2.570572,LK,7.852929
1350,1772512401.522254,-280.977539,-170.294495,-2.565735,LK,7.838182
1351,1772512401.642241,-281.708191,-170.747299,-2.561811,LK,7.821895
1352,1772512401.662300,-282.339050,-171.141876,-2.561479,LK,7.820555
1353,1772512401.762215,-283.030365,-171.574051,-2.561417,LK,7.819918
1354,1772512401.882296,-283.785461,-172.045227,-2.561871,LK,7.820230
1355,1772512402.022245,-284.531616,-172.509705,-2.562651,LK,7.820975
1356,1772512402.122293,-285.018524,-172.812302,-2.563067,LK,7.822020
1357,1772512402.142229,-285.654449,-173.207138,-2.563553,LK,7.824305
1358,1772512402.262233,-286.299835,-173.607483,-2.564020,LK,7.827222
1359,1772512402.382263,-286.961121,-174.017395,-2.564298,LK,7.824331
1360,1772512402.442240,-287.614166,-174.421967,-2.564348,LK,7.827293
1361,1772512402.622224,-288.356110,-174.881760,-2.564104,LK,7.831607
1362,1772512402.722252,-288.989075,-175.274139,-2.564185,LK,7.833107
1363,1772512402.742202,-289.692871,-175.710297,-2.564346,LK,7.833597
1364,1772512402.862223,-290.437256,-176.171249,-2.564523,LK,7.833280
1365,1772512402.982268,-291.181458,-176.631882,-2.564694,LK,7.831230
1366,1772512403.102277,-291.668884,-176.933487,-2.564700,LK,7.832166
1367,1772512403.202231,-292.313568,-177.332413,-2.564682,LK,7.834479
1368,1772512403.282237,-292.942291,-177.721558,-2.564662,LK,7.829919
1369,1772512403.362251,-293.676697,-178.176117,-2.564446,LK,7.828671
1370,1772512403.462274,-294.332489,-178.582275,-2.563977,LK,7.827315
1371,1772512403.582271,-294.997925,-178.994629,-2.564346,LK,7.825877
1372,1772512403.662265,-295.639679,-179.392258,-2.563408,LK,7.825822
1373,1772512403.782226,-296.334778,-179.824097,-2.561934,LK,7.823870
1374,1772512403.902309,-297.101624,-180.302582,-2.559612,LK,7.826216
1375,1772512403.942280,-297.644165,-180.642822,-2.557561,LK,7.825685
1376,1772512404.062301,-298.223663,-181.008194,-2.554961,LK,7.824491
1377,1772512404.182237,-298.944183,-181.465988,-2.549847,LK,7.827415
1378,1772512404.282187,-299.585480,-181.878128,-2.544015,LK,7.833320
1379,1772512404.402229,-300.241791,-182.306244,-2.534820,LK,7.836442
1380,1772512404.462234,-300.908447,-182.751511,-2.517877,LK,7.812626
1381,1772512404.602241,-301.617584,-183.249573,-2.480690,LK,7.727057
1382,1772512404.662223,-302.301239,-183.773102,-2.448255,LK,7.695801
